Age_Display,Source_Year,n,estimate,cv_approx,annual_pass
0,2016,15,,0.3520477040763861,False
1,2016,86,2400.0,0.2333371329506143,True
2,2016,152,4600.0,0.21095599035781606,True
3,2016,181,5400.0,0.23696858595038384,True
4,2016,201,7400.0,0.20537829453584866,True
5,2016,283,9600.0,0.1931785314930984,True
6,2016,367,11000.0,0.17775277225099587,True
7,2016,465,16000.0,0.17020629476064308,True
8,2016,667,20700.0,0.1610852362136261,True
9,2016,849,28800.0,0.1528189559377689,True
10,2016,1101,36100.0,0.13511415948766325,True
11,2016,1297,43500.0,0.12730186799716336,True
12,2016,1514,47200.0,0.11855916292041381,True
13,2016,1778,57100.0,0.11632938316233107,True
14,2016,1822,60200.0,0.11461528659385634,True
15,2016,1798,62700.0,0.11151879419685141,True
16,2016,1410,49800.0,0.11720007179474627,True
17,2016,1117,41000.0,0.11892766739467316,True
18,2016,587,24700.0,0.09508647845495906,True
19,2016,402,17100.0,0.12051797920285473,True
20,2016,338,13500.0,0.1262542474892158,True
21,2016,311,11800.0,0.11681397406001574,True
22,2016,254,11300.0,0.12765081945363793,True
23,2016,259,10900.0,0.13547088991909573,True
24,2016,246,10800.0,0.12197542439310816,True
25,2016,241,9600.0,0.16530941999852936,True
26,2016,202,8400.0,0.15086496364446822,True
27,2016,208,9100.0,0.11483860948630838,True
28,2016,223,9900.0,0.1211636851835824,True
29,2016,208,8800.0,0.14205674946145158,True
30,2016,178,7700.0,0.16449230006505935,True
31,2016,186,8400.0,0.1405126678542843,True
32,2016,195,9200.0,0.12568318051719876,True
33,2016,180,8500.0,0.1231507075109076,True
34,2016,171,8000.0,0.14085304752177263,True
35,2016,161,7400.0,0.16779439697707463,True
36,2016,170,7300.0,0.1364010769310569,True
37,2016,158,7700.0,0.15788597108467886,True
38,2016,152,6900.0,0.15429261369276456,True
39,2016,140,6600.0,0.17838475223316158,True
40,2016,123,6300.0,0.15477686661914916,True
41,2016,128,6100.0,0.1695293160575606,True
42,2016,131,5900.0,0.1764170953514941,True
43,2016,111,5200.0,0.17513989567798208,True
44,2016,121,5300.0,0.13678042652518685,True
45,2016,129,6400.0,0.1154935984412792,True
46,2016,124,5700.0,0.18747577536094673,True
47,2016,102,4800.0,0.15201697435374492,True
48,2016,104,4900.0,0.12789397006266293,True
49,2016,119,5000.0,0.1479125557435703,True
50,2016,129,5300.0,0.14432747171524574,True
51,2016,120,5600.0,0.12903253602148387,True
52,2016,91,4500.0,0.16569207214589637,True
53,2016,116,5700.0,0.13007253073898697,True
54,2016,79,4100.0,0.18896423155189776,True
55,2016,102,4500.0,0.14483749608947452,True
56,2016,81,3900.0,0.18970592193884403,True
57,2016,85,4100.0,0.18127124793898383,True
58,2016,90,4300.0,0.21632285151627556,True
59,2016,100,4300.0,0.18434151806984714,True
60,2016,77,3900.0,0.20994728254738146,True
61,2016,74,3400.0,0.24083878333084255,True
62,2016,59,2900.0,0.2948652222642899,True
63,2016,70,4000.0,0.2167108974511456,True
64,2016,60,2800.0,0.17149440337812027,True
65,2016,65,3600.0,0.17754366300832383,True
66,2016,61,3200.0,0.32674509418194353,True
67,2016,80,4100.0,0.17760296201896653,True
68,2016,74,3700.0,0.2223103781619304,True
69,2016,70,3800.0,0.2783249191233934,True
70,2016,48,2700.0,0.2770878712554307,True
71,2016,59,2800.0,0.3037903977839375,True
72,2016,60,,0.3360979711939339,False
73,2016,58,2700.0,0.21826050547116035,True
74,2016,40,,0.3431440120012281,False
75,2016,48,3000.0,0.2563510316087761,True
76,2016,32,1800.0,0.2785107840108449,True
77,2016,38,,0.3701421890337577,False
78,2016,30,,0.41051415749021464,False
79,2016,31,1900.0,0.31407665809729135,True
80,2016,14,,0.3767452316759287,False
81,2016,23,,0.2827592973236129,False
82,2016,11,,0.31918045302323667,False
83,2016,16,,0.3185756420113981,False
84,2016,19,,0.3778991172095529,False
85,2016,11,,0.3894763860177722,False
86,2016,16,,0.31215095918258884,False
87,2016,16,,0.3886898417746521,False
88,2016,14,,0.4432116045352791,False
89,2016,14,,0.38224828274802675,False
90,2016,45,2300.0,0.2753031800913015,True
0,2017,27,,0.3022956076586443,False
1,2017,118,3100.0,0.2729512629971843,True
2,2017,182,4700.0,0.1706305536295487,True
3,2017,200,4900.0,0.27357228698821606,True
4,2017,251,6200.0,0.18734394979473898,True
5,2017,314,9400.0,0.1837810231451696,True
6,2017,371,10400.0,0.2428064653661811,True
7,2017,472,13800.0,0.18204390924565367,True
8,2017,700,21100.0,0.14233451290629917,True
9,2017,878,24800.0,0.1350857695850561,True
10,2017,1217,35500.0,0.1184892604485476,True
11,2017,1383,42800.0,0.10813702791821768,True
12,2017,1595,49400.0,0.11797273699954164,True
13,2017,1931,61700.0,0.11548611025464005,True
14,2017,1968,65200.0,0.11201577116639858,True
15,2017,1856,61200.0,0.11090628421688083,True
16,2017,1534,49300.0,0.10335339488157569,True
17,2017,1158,42200.0,0.08443516461786107,True
18,2017,604,23300.0,0.0856215011813469,True
19,2017,385,16100.0,0.12452765604617703,True
20,2017,337,14100.0,0.12292137254481936,True
21,2017,298,12300.0,0.1320219521162778,True
22,2017,224,9100.0,0.127531532346627,True
23,2017,217,8600.0,0.12052028952980433,True
24,2017,239,9400.0,0.12754851975565246,True
25,2017,218,9500.0,0.11363354629607071,True
26,2017,220,9300.0,0.1256205329354518,True
27,2017,226,9700.0,0.13152566070498245,True
28,2017,239,10300.0,0.10343865646044546,True
29,2017,188,7800.0,0.13848568305866593,True
30,2017,204,8000.0,0.15341533095828525,True
31,2017,194,8300.0,0.12663956973171236,True
32,2017,179,7900.0,0.12509804439397268,True
33,2017,176,7800.0,0.12445445634194686,True
34,2017,160,7500.0,0.11039694461667729,True
35,2017,139,6600.0,0.1315238129999234,True
36,2017,175,8000.0,0.11205704639007263,True
37,2017,142,6400.0,0.13481488913142928,True
38,2017,152,7200.0,0.13329618798616952,True
39,2017,153,6800.0,0.09833521404108307,True
40,2017,139,6600.0,0.1123039510595871,True
41,2017,126,6000.0,0.15444962880922275,True
42,2017,122,5500.0,0.15279802784845636,True
43,2017,104,5100.0,0.1477092921963824,True
44,2017,105,4900.0,0.12995760968744685,True
45,2017,129,5700.0,0.14212004581601315,True
46,2017,112,4800.0,0.15900579288699204,True
47,2017,127,5900.0,0.10630349760432778,True
48,2017,118,5200.0,0.12812357082884837,True
49,2017,98,4600.0,0.15165694570990965,True
50,2017,96,4900.0,0.171061012357572,True
51,2017,125,6000.0,0.16032418163053044,True
52,2017,115,5300.0,0.1305668475430287,True
53,2017,111,5000.0,0.14883219478200319,True
54,2017,114,5500.0,0.14482112444681006,True
55,2017,98,4600.0,0.1571712791306157,True
56,2017,120,5200.0,0.14207375774986367,True
57,2017,111,5200.0,0.12998709842440595,True
58,2017,75,3100.0,0.19497983056005025,True
59,2017,79,4200.0,0.17378338501936474,True
60,2017,75,3300.0,0.1696192406208233,True
61,2017,63,3600.0,0.18643311150690367,True
62,2017,76,3300.0,0.15770756640491498,True
63,2017,83,4000.0,0.16984221321447496,True
64,2017,70,3600.0,0.20097098453821244,True
65,2017,62,3300.0,0.19208318945714822,True
66,2017,78,4100.0,0.17772103248278254,True
67,2017,70,3900.0,0.2530801601043263,True
68,2017,66,3300.0,0.2272739726111628,True
69,2017,74,4200.0,0.22245136826827505,True
70,2017,73,3400.0,0.18452687370351925,True
71,2017,66,3700.0,0.1833769761285208,True
72,2017,57,2900.0,0.217144401378921,True
73,2017,51,2600.0,0.2243479684644747,True
74,2017,48,2000.0,0.2092633918879486,True
75,2017,49,2600.0,0.22906900331167088,True
76,2017,35,1900.0,0.28113382268678805,True
77,2017,39,2100.0,0.2645763160340075,True
78,2017,40,,0.3453291280331463,False
79,2017,30,,0.3776544383197276,False
80,2017,35,1300.0,0.2575994802601997,True
81,2017,27,1400.0,0.28388542447115217,True
82,2017,23,,0.30944649726735507,False
83,2017,26,,0.257174621476319,False
84,2017,26,,0.35908020551096537,False
85,2017,27,1400.0,0.23805533625626032,True
86,2017,8,,0.4309139360440054,False
87,2017,10,,0.39953132340443276,False
88,2017,17,,0.2749240566344127,False
89,2017,15,,0.36111913611146057,False
90,2017,57,2800.0,0.1824507648598764,True
0,2018,30,,0.26111433761377456,False
1,2018,99,2100.0,0.28351968183647236,True
2,2018,170,5000.0,0.3068431904561128,True
3,2018,190,5700.0,0.2187595544087796,True
4,2018,213,6800.0,0.2589556673943099,True
5,2018,292,7900.0,0.3075282543015331,True
6,2018,378,10500.0,0.2341928805384162,True
7,2018,491,14600.0,0.2113167466930814,True
8,2018,614,18100.0,0.21653262000186774,True
9,2018,918,28600.0,0.19971390176348616,True
10,2018,1039,31900.0,0.17209332960510879,True
11,2018,1276,38000.0,0.14228254613691638,True
12,2018,1497,47300.0,0.12289481856797543,True
13,2018,1629,51700.0,0.12650270623232826,True
14,2018,1743,54700.0,0.12271614408487794,True
15,2018,1619,52400.0,0.11206770716176123,True
16,2018,1438,49500.0,0.11775402987074697,True
17,2018,1102,39800.0,0.11695451871430557,True
18,2018,539,21400.0,0.10043977204797702,True
19,2018,329,12900.0,0.1116341968391217,True
20,2018,260,11000.0,0.13071613681247027,True
21,2018,240,10500.0,0.14528191788572078,True
22,2018,197,9400.0,0.12916544922571957,True
23,2018,203,8600.0,0.1428665046668474,True
24,2018,186,7100.0,0.15082159680971055,True
25,2018,201,8000.0,0.10775426143005691,True
26,2018,188,8200.0,0.10913776449316984,True
27,2018,192,7900.0,0.11607080250679001,True
28,2018,206,9500.0,0.12425139457771102,True
29,2018,183,8300.0,0.11987081144097858,True
30,2018,160,6500.0,0.13117152016098663,True
31,2018,149,6700.0,0.11399682085678932,True
32,2018,184,8300.0,0.11059809169828491,True
33,2018,162,7500.0,0.11194595464538645,True
34,2018,144,6200.0,0.1268054813918061,True
35,2018,160,7100.0,0.11830255963745999,True
36,2018,139,7100.0,0.15756428492311952,True
37,2018,138,6300.0,0.12694585009067347,True
38,2018,129,6100.0,0.14214629827076247,True
39,2018,115,5900.0,0.13893405122125138,True
40,2018,116,5500.0,0.12602440155502262,True
41,2018,114,5600.0,0.10587124177408594,True
42,2018,113,5800.0,0.20554107434498936,True
43,2018,115,5000.0,0.14651697671486705,True
44,2018,102,4600.0,0.1403908413140909,True
45,2018,91,4500.0,0.14300818639696966,True
46,2018,106,5200.0,0.13612384954982493,True
47,2018,98,4700.0,0.12404640083891581,True
48,2018,116,5200.0,0.15654623908173843,True
49,2018,115,5100.0,0.1410564465668253,True
50,2018,85,4200.0,0.16302125573604723,True
51,2018,103,5000.0,0.13864117311442783,True
52,2018,104,4900.0,0.17233975971037038,True
53,2018,101,4800.0,0.1581949752985689,True
54,2018,95,4300.0,0.16856458362982654,True
55,2018,88,4300.0,0.1493555250313479,True
56,2018,114,5300.0,0.2107480656632629,True
57,2018,104,5400.0,0.18151071574768746,True
58,2018,81,3800.0,0.16198558729644533,True
59,2018,84,4000.0,0.15032649190879666,True
60,2018,82,3900.0,0.18215767472730157,True
61,2018,66,3000.0,0.17262676393246795,True
62,2018,81,4000.0,0.1762541267097457,True
63,2018,70,3700.0,0.24391001250136923,True
64,2018,73,3800.0,0.20836667021295294,True
65,2018,84,4500.0,0.25115711568070365,True
66,2018,85,4300.0,0.17346313402973337,True
67,2018,77,3800.0,0.2408635879922846,True
68,2018,60,3200.0,0.1915165906083437,True
69,2018,79,4100.0,0.23622828975252375,True
70,2018,58,,0.4010598805077329,False
71,2018,71,3700.0,0.30282328218697574,True
72,2018,46,2600.0,0.27161979380747014,True
73,2018,44,2100.0,0.2214811822357758,True
74,2018,46,2500.0,0.28433892551460394,True
75,2018,53,2800.0,0.2687195714581055,True
76,2018,38,,0.33966812137663244,False
77,2018,37,1600.0,0.20003359237807733,True
78,2018,36,1900.0,0.2453315542153764,True
79,2018,27,1700.0,0.28657865785259895,True
80,2018,28,1600.0,0.3004131163785811,True
81,2018,32,1800.0,0.22949919528550272,True
82,2018,26,1600.0,0.24111666516259497,True
83,2018,28,,0.34554826738285693,False
84,2018,18,,0.26154575189247325,False
85,2018,26,,0.2961667061131955,False
86,2018,17,,0.3047688665362638,False
87,2018,16,,0.4159207944202649,False
88,2018,21,,0.40849202255720296,False
89,2018,17,,0.34422010148208587,False
90,2018,58,2800.0,0.2585427546286425,True
0,2019,35,,0.3054773907224326,False
1,2019,101,2800.0,0.2644481555538336,True
2,2019,172,4100.0,0.19843010038282238,True
3,2019,176,5500.0,0.2831638227757583,True
4,2019,227,6200.0,0.23104998470050125,True
5,2019,279,7900.0,0.2790238275291244,True
6,2019,343,8400.0,0.19732191983699762,True
7,2019,440,12400.0,0.18859910092265428,True
8,2019,577,16100.0,0.20628270255371997,True
9,2019,785,22000.0,0.17506448603870284,True
10,2019,996,28500.0,0.21167501395340954,True
11,2019,1224,36100.0,0.1562882791643494,True
12,2019,1416,41600.0,0.11816869446351048,True
13,2019,1557,46100.0,0.13770863298337221,True
14,2019,1645,51800.0,0.12275787095307475,True
15,2019,1541,48000.0,0.1374753465503051,True
16,2019,1276,41000.0,0.12216433464152752,True
17,2019,983,34500.0,0.11713340682548393,True
18,2019,505,19700.0,0.0919795494040473,True
19,2019,354,15000.0,0.1315705575162149,True
20,2019,266,11000.0,0.12822104925945835,True
21,2019,242,10900.0,0.156467179724792,True
22,2019,184,6900.0,0.12428290558119698,True
23,2019,165,6800.0,0.13123213576853898,True
24,2019,175,7400.0,0.1370992006442254,True
25,2019,172,8500.0,0.10789175620515518,True
26,2019,184,8000.0,0.1172346225870291,True
27,2019,174,6700.0,0.12559455009736942,True
28,2019,200,8000.0,0.11247438692773655,True
29,2019,161,7200.0,0.1407633079870977,True
30,2019,184,8200.0,0.1316379357544316,True
31,2019,164,7200.0,0.12370119149815327,True
32,2019,141,6600.0,0.13950712184227745,True
33,2019,150,6200.0,0.14142826711659118,True
34,2019,132,5700.0,0.11538569593451638,True
35,2019,148,6800.0,0.1259323145051942,True
36,2019,141,7300.0,0.11855626364897451,True
37,2019,134,7000.0,0.18542378544432914,True
38,2019,124,5500.0,0.1383450724469819,True
39,2019,132,6300.0,0.10700111729099611,True
40,2019,131,5700.0,0.15352102720603875,True
41,2019,102,4500.0,0.1466120602422839,True
42,2019,100,5100.0,0.1575007886251036,True
43,2019,104,4900.0,0.1604145860202194,True
44,2019,102,4800.0,0.1413229576127965,True
45,2019,117,5100.0,0.15461371370288973,True
46,2019,111,5400.0,0.13658875123491612,True
47,2019,92,4300.0,0.13734798364737352,True
48,2019,102,4800.0,0.1580590250905631,True
49,2019,83,3900.0,0.13390042776762404,True
50,2019,106,4500.0,0.1320449091283171,True
51,2019,85,3900.0,0.17797760096758822,True
52,2019,102,5200.0,0.14119970704007298,True
53,2019,114,5400.0,0.17227787459548174,True
54,2019,112,5000.0,0.1483552455003308,True
55,2019,90,3600.0,0.13993435209633256,True
56,2019,108,5100.0,0.13856664439888175,True
57,2019,94,4400.0,0.1668790881602953,True
58,2019,77,3700.0,0.15695363692100947,True
59,2019,78,3600.0,0.17275867056376423,True
60,2019,90,3700.0,0.20710304868050738,True
61,2019,94,4600.0,0.18721864485925813,True
62,2019,79,3600.0,0.20062540151969468,True
63,2019,83,4200.0,0.16505578394007853,True
64,2019,91,4600.0,0.2084037599404025,True
65,2019,91,4800.0,0.2876418787080393,True
66,2019,81,4000.0,0.2918291613344089,True
67,2019,89,4300.0,0.2933087157028124,True
68,2019,79,3900.0,0.281184421738872,True
69,2019,65,3300.0,0.3256425547324927,True
70,2019,72,3500.0,0.244954428107953,True
71,2019,70,,0.340473712222968,False
72,2019,66,3300.0,0.20072990449005318,True
73,2019,63,,0.3637011356758249,False
74,2019,53,2800.0,0.28885348597956007,True
75,2019,53,,0.3915435646819122,False
76,2019,59,,0.3382531327197257,False
77,2019,37,2200.0,0.24035155085132442,True
78,2019,44,,0.3480337361876581,False
79,2019,41,2100.0,0.26552920279324044,True
80,2019,29,1400.0,0.2618859512163326,True
81,2019,26,,0.4925598273801925,False
82,2019,22,,0.3283401764751594,False
83,2019,24,1300.0,0.3061459606548559,True
84,2019,25,,0.3344201893407377,False
85,2019,26,1400.0,0.2893516462609803,True
86,2019,28,1600.0,0.2921895403073379,True
87,2019,19,,0.3515904847248733,False
88,2019,9,,0.499742430439695,False
89,2019,12,,0.5321265686326833,False
90,2019,52,2500.0,0.24121581474520273,True
0,2020,22,,0.41068119120941743,False
1,2020,87,,0.3307875648788637,False
2,2020,148,3700.0,0.30991298493256797,True
3,2020,177,,0.4507438137542753,False
4,2020,167,4900.0,0.3141236627484741,True
5,2020,223,4700.0,0.23372152146243083,True
6,2020,231,5000.0,0.20950799819854582,True
7,2020,275,6900.0,0.2845426867833848,True
8,2020,349,8500.0,0.2566393267928915,True
9,2020,466,12100.0,0.26944745978890694,True
10,2020,500,12500.0,0.23929194820848382,True
11,2020,668,16900.0,0.18095290289171082,True
12,2020,716,18100.0,0.1947797294131975,True
13,2020,753,19100.0,0.14625622907223892,True
14,2020,847,22200.0,0.16210643438469224,True
15,2020,808,22000.0,0.1287328693696241,True
16,2020,661,19400.0,0.1282854717457329,True
17,2020,546,18200.0,0.12462663408060616,True
18,2020,284,11200.0,0.16719546913671599,True
19,2020,199,7700.0,0.1425644497720589,True
20,2020,183,7700.0,0.1682197603191644,True
21,2020,181,7100.0,0.1436025553316016,True
22,2020,136,6200.0,0.14644014300170685,True
23,2020,148,6500.0,0.11989057001119863,True
24,2020,130,4700.0,0.12203699578206603,True
25,2020,153,6900.0,0.13164716622621403,True
26,2020,150,6600.0,0.1300705887734871,True
27,2020,171,7400.0,0.13991839761188152,True
28,2020,142,5600.0,0.12499909805974421,True
29,2020,150,5900.0,0.14810506641366178,True
30,2020,132,5800.0,0.1187862543246818,True
31,2020,146,6400.0,0.14144627104143592,True
32,2020,126,5100.0,0.13726318319625536,True
33,2020,97,4100.0,0.1624872720345175,True
34,2020,108,4600.0,0.1247108471431863,True
35,2020,114,4500.0,0.12771330223147367,True
36,2020,101,4400.0,0.13871018839224472,True
37,2020,100,4000.0,0.158121647560006,True
38,2020,102,4400.0,0.14426651127898701,True
39,2020,106,5000.0,0.13023954605707064,True
40,2020,91,3600.0,0.14132639826081514,True
41,2020,90,3600.0,0.19165922973748867,True
42,2020,80,3800.0,0.13849201613941647,True
43,2020,94,4500.0,0.1370522280202764,True
44,2020,82,3800.0,0.15927814050171996,True
45,2020,86,3700.0,0.13235855101419364,True
46,2020,66,2700.0,0.16950163307131444,True
47,2020,86,3500.0,0.14458020437748859,True
48,2020,86,3500.0,0.1491589014929554,True
49,2020,74,3100.0,0.16584212695292289,True
50,2020,105,4500.0,0.15591711042341827,True
51,2020,71,2800.0,0.20955139480412635,True
52,2020,100,4300.0,0.17774649433795045,True
53,2020,80,3400.0,0.1518600954932982,True
54,2020,81,3200.0,0.16124550877870403,True
55,2020,72,2900.0,0.20061232665996356,True
56,2020,89,3800.0,0.15981580422757016,True
57,2020,91,4300.0,0.1916907491787433,True
58,2020,84,3800.0,0.1694209720714071,True
59,2020,83,4100.0,0.17431068714288458,True
60,2020,84,3700.0,0.2175113647635916,True
61,2020,62,2900.0,0.21877662100406853,True
62,2020,67,3600.0,0.2866840735343796,True
63,2020,76,3500.0,0.2557831893200502,True
64,2020,68,3200.0,0.20711822126165516,True
65,2020,64,3100.0,0.18501463805463705,True
66,2020,65,3200.0,0.3127168941261435,True
67,2020,68,3600.0,0.25907116083103454,True
68,2020,60,3000.0,0.21656148607689737,True
69,2020,64,3300.0,0.18630278157631347,True
70,2020,69,3100.0,0.2862498407620786,True
71,2020,53,,0.36629358334806555,False
72,2020,58,,0.4171254102163207,False
73,2020,59,2800.0,0.2871519357834245,True
74,2020,58,,0.364420344096407,False
75,2020,37,2000.0,0.2832781499549986,True
76,2020,43,,0.34556685161630196,False
77,2020,35,2000.0,0.3129991491064938,True
78,2020,33,1600.0,0.2965287240537147,True
79,2020,35,,0.45566137344950813,False
80,2020,29,,0.2879875718291138,False
81,2020,27,1200.0,0.2965930217978844,True
82,2020,25,1200.0,0.2739078046177584,True
83,2020,18,,0.36153602969257564,False
84,2020,26,1400.0,0.230950398366577,True
85,2020,20,,0.2985626200808828,False
86,2020,16,,0.3936631646662184,False
87,2020,14,,0.34904730025668135,False
88,2020,14,,0.3236972313711588,False
89,2020,11,,0.48458240092364724,False
90,2020,46,2000.0,0.275599515000362,True
0,2021,31,,0.31373564838424683,False
1,2021,91,2100.0,0.21259686018303192,True
2,2021,174,4600.0,0.2821034544026406,True
3,2021,190,,0.36600475411608496,False
4,2021,220,5300.0,0.21443507158687394,True
5,2021,273,7300.0,0.24190764606966098,True
6,2021,348,9300.0,0.2588968784976073,True
7,2021,401,9900.0,0.29594336603757604,True
8,2021,528,13100.0,0.2687053679409826,True
9,2021,588,15000.0,0.23330129388985082,True
10,2021,733,18900.0,0.23135334632928084,True
11,2021,834,22100.0,0.16877990361307726,True
12,2021,1014,27800.0,0.15456016521102223,True
13,2021,1209,32000.0,0.16769526853322778,True
14,2021,1267,34300.0,0.15714287517076955,True
15,2021,1205,33200.0,0.13021000702277635,True
16,2021,1050,31000.0,0.11179588746158445,True
17,2021,785,23800.0,0.11979386832788125,True
18,2021,444,16000.0,0.117805890197658,True
19,2021,318,12500.0,0.12000718290618026,True
20,2021,249,9600.0,0.14974635957487648,True
21,2021,229,9500.0,0.17338212088727709,True
22,2021,209,8300.0,0.12782555653605898,True
23,2021,168,6300.0,0.13281951451979745,True
24,2021,164,6700.0,0.13110041657690472,True
25,2021,175,6800.0,0.11628316912857464,True
26,2021,175,6800.0,0.13740846101922402,True
27,2021,143,5600.0,0.14962687286989346,True
28,2021,198,7900.0,0.13520462842097974,True
29,2021,163,6600.0,0.13837652733377903,True
30,2021,139,5800.0,0.1258645959423175,True
31,2021,141,5700.0,0.1771276831450696,True
32,2021,134,5500.0,0.15061141322967272,True
33,2021,134,5700.0,0.11420978559919816,True
34,2021,128,5100.0,0.1505599885887693,True
35,2021,128,5500.0,0.1372418137373227,True
36,2021,109,3900.0,0.14486469119442194,True
37,2021,129,5400.0,0.13607614861710202,True
38,2021,126,5500.0,0.15083886812324493,True
39,2021,133,5900.0,0.1626341507708018,True
40,2021,119,4800.0,0.12722810777263052,True
41,2021,127,5800.0,0.13963293790260548,True
42,2021,108,4600.0,0.14746327489507677,True
43,2021,99,4300.0,0.1422719947231058,True
44,2021,92,3800.0,0.14217003537816386,True
45,2021,96,4100.0,0.1262549691183285,True
46,2021,103,4500.0,0.15973032977919274,True
47,2021,91,3600.0,0.14712450344118214,True
48,2021,84,3500.0,0.16698891035541014,True
49,2021,99,4200.0,0.16643990588581398,True
50,2021,103,5100.0,0.13466001661412122,True
51,2021,106,3800.0,0.13841836966804447,True
52,2021,95,4200.0,0.17273300392532012,True
53,2021,89,3700.0,0.15781563281392819,True
54,2021,66,3000.0,0.1627781927377587,True
55,2021,79,3600.0,0.24665796349109675,True
56,2021,87,3500.0,0.18482479040979555,True
57,2021,95,4400.0,0.17251001666932247,True
58,2021,86,3900.0,0.16578589445539796,True
59,2021,86,4200.0,0.16867337443005861,True
60,2021,81,3700.0,0.2345074299549915,True
61,2021,73,3400.0,0.2394933315394454,True
62,2021,77,3500.0,0.1967681015615208,True
63,2021,72,3400.0,0.1958207422497447,True
64,2021,66,3100.0,0.2452066187033151,True
65,2021,90,3900.0,0.20165818469224137,True
66,2021,70,3400.0,0.2258582779159837,True
67,2021,76,3900.0,0.22477359080400003,True
68,2021,82,3700.0,0.23822916053102972,True
69,2021,83,3700.0,0.306307607279128,True
70,2021,89,4500.0,0.2029800087679958,True
71,2021,66,3300.0,0.27163977384165544,True
72,2021,55,,0.3420484711008479,False
73,2021,71,,0.41211454861640434,False
74,2021,58,2700.0,0.2739029272543738,True
75,2021,66,3100.0,0.28582154266508153,True
76,2021,55,2500.0,0.2843667455387518,True
77,2021,64,,0.3325381693171549,False
78,2021,39,1800.0,0.2522967431759792,True
79,2021,43,2000.0,0.29125297546489287,True
80,2021,31,1400.0,0.3090457229732621,True
81,2021,25,,0.35145727707217767,False
82,2021,36,1600.0,0.27703939254658777,True
83,2021,22,,0.3522621208629228,False
84,2021,17,,0.3119107864974931,False
85,2021,29,1400.0,0.2818317493821562,True
86,2021,17,,0.31444972365662616,False
87,2021,20,,0.3324346221553315,False
88,2021,15,,0.35085545020158676,False
89,2021,13,,0.32388478672781257,False
90,2021,42,2000.0,0.2876061000853113,True
0,2022,24,,0.34530803585644204,False
1,2022,82,2100.0,0.29335266857317915,True
2,2022,156,4900.0,0.3029549271469629,True
3,2022,181,5800.0,0.2593304315321414,True
4,2022,171,,0.36948860374473264,False
5,2022,267,,0.33695690289127694,False
6,2022,372,10300.0,0.25042991172302237,True
7,2022,437,,0.3392080703336324,False
8,2022,524,16400.0,0.2538373062257892,True
9,2022,632,18700.0,0.25273552353196777,True
10,2022,781,23700.0,0.19316884322716743,True
11,2022,961,29000.0,0.17527504022317203,True
12,2022,1149,33600.0,0.16205913368864927,True
13,2022,1274,39300.0,0.15136874773876002,True
14,2022,1433,47800.0,0.1467583130435643,True
15,2022,1315,42600.0,0.16167965748952956,True
16,2022,1108,36100.0,0.1558683260966834,True
17,2022,883,30600.0,0.1463312834782951,True
18,2022,426,16800.0,0.12583220571404527,True
19,2022,316,13700.0,0.1472816527890935,True
20,2022,300,13500.0,0.15817566177130907,True
21,2022,239,10400.0,0.14922560571463334,True
22,2022,193,9100.0,0.12356771014547661,True
23,2022,173,8100.0,0.14501374812724124,True
24,2022,185,7600.0,0.11892048855973808,True
25,2022,176,8000.0,0.12429561411551175,True
26,2022,156,6700.0,0.13871754509671477,True
27,2022,160,7100.0,0.1640110936190583,True
28,2022,150,6900.0,0.13934641686259794,True
29,2022,145,6500.0,0.13243946126323644,True
30,2022,145,6300.0,0.15093397375023737,True
31,2022,155,7000.0,0.14684521553065322,True
32,2022,122,5300.0,0.1394007977073205,True
33,2022,127,6200.0,0.1655895703814726,True
34,2022,111,5100.0,0.15451584954076994,True
35,2022,114,5000.0,0.1639591775481895,True
36,2022,96,4400.0,0.16981938255085247,True
37,2022,112,5300.0,0.1564713771312004,True
38,2022,116,5400.0,0.13999188979205832,True
39,2022,106,5200.0,0.14248036161460326,True
40,2022,94,4100.0,0.17499700796166112,True
41,2022,96,4500.0,0.15397430573729556,True
42,2022,104,5600.0,0.1741937025243177,True
43,2022,107,5200.0,0.12754066222999838,True
44,2022,96,4600.0,0.1616175477092854,True
45,2022,97,4300.0,0.13794387539319755,True
46,2022,76,4100.0,0.1929250898440241,True
47,2022,98,4400.0,0.15426252582725308,True
48,2022,66,3000.0,0.1761581095306501,True
49,2022,96,4700.0,0.1731146519076111,True
50,2022,86,4400.0,0.16060715880677917,True
51,2022,79,4300.0,0.1555638959394317,True
52,2022,128,6200.0,0.13501231862452198,True
53,2022,94,5200.0,0.1716839591512399,True
54,2022,71,3200.0,0.1675319103368337,True
55,2022,91,5000.0,0.21587551368107508,True
56,2022,97,4900.0,0.15661900577941681,True
57,2022,78,3900.0,0.17798158024493238,True
58,2022,87,4200.0,0.198609273748819,True
59,2022,84,4300.0,0.17918402044740714,True
60,2022,77,4000.0,0.2127531141076329,True
61,2022,82,4500.0,0.17941276056017075,True
62,2022,85,4200.0,0.2559531190610243,True
63,2022,86,4300.0,0.23288372699477464,True
64,2022,106,5800.0,0.2274271673798694,True
65,2022,82,4400.0,0.17920782186953194,True
66,2022,94,5100.0,0.22736979875489394,True
67,2022,81,4200.0,0.2239337799734103,True
68,2022,84,4400.0,0.23954018056641577,True
69,2022,78,4200.0,0.22323565738071002,True
70,2022,72,4000.0,0.23247644510856527,True
71,2022,61,3300.0,0.299426034156405,True
72,2022,62,3500.0,0.22562293857753613,True
73,2022,57,3000.0,0.22960383608588075,True
74,2022,53,3000.0,0.3096355598472875,True
75,2022,60,,0.33947272460695505,False
76,2022,50,,0.37763335265379355,False
77,2022,42,2500.0,0.30087557425365025,True
78,2022,35,,0.3443901858245042,False
79,2022,51,3100.0,0.19689455648939183,True
80,2022,39,2100.0,0.22985385049452178,True
81,2022,27,1500.0,0.30989128848955155,True
82,2022,25,1400.0,0.26913141694791837,True
83,2022,30,,0.3581540726103683,False
84,2022,24,,0.3137879299536673,False
85,2022,24,1300.0,0.27640807652694954,True
86,2022,23,1300.0,0.3147013474293151,True
87,2022,14,,0.35639550690170524,False
88,2022,17,,0.3328369855468153,False
89,2022,13,,0.44186739420673504,False
90,2022,47,2200.0,0.20139809859337984,True
0,2023,22,,0.4636857146769393,False
1,2023,81,2800.0,0.31749843133508765,True
2,2023,139,4400.0,0.2805619779173926,True
3,2023,175,,0.35050845046350665,False
4,2023,187,,0.4176927764463562,False
5,2023,290,9800.0,0.2911037593599201,True
6,2023,326,9500.0,0.27434213819305775,True
7,2023,434,12200.0,0.2587934188378201,True
8,2023,530,16100.0,0.19280421540232562,True
9,2023,663,19700.0,0.20509392651186503,True
10,2023,833,25000.0,0.20118158760159274,True
11,2023,983,30900.0,0.15233671532837315,True
12,2023,1067,34000.0,0.12890735570801637,True
13,2023,1297,41000.0,0.12814341693296874,True
14,2023,1335,42800.0,0.11853875773555224,True
15,2023,1344,44800.0,0.11912224251900541,True
16,2023,1206,39600.0,0.11706597102026775,True
17,2023,960,32200.0,0.11479061427414787,True
18,2023,475,18700.0,0.10527526105252613,True
19,2023,306,12700.0,0.1546860144143465,True
20,2023,273,11900.0,0.14891824022500955,True
21,2023,244,9400.0,0.1462242961326154,True
22,2023,221,9000.0,0.15246571259980174,True
23,2023,202,8300.0,0.1380385771268031,True
24,2023,180,7100.0,0.13713179628719505,True
25,2023,211,8900.0,0.1251611975236849,True
26,2023,172,7000.0,0.12146339062031826,True
27,2023,176,7300.0,0.1115417345088089,True
28,2023,173,6900.0,0.1757256346610085,True
29,2023,151,6100.0,0.1330443411563998,True
30,2023,161,6700.0,0.12581935813673234,True
31,2023,164,7200.0,0.16054303249966695,True
32,2023,182,8400.0,0.148914953470067,True
33,2023,156,6700.0,0.13694280648606308,True
34,2023,127,5600.0,0.12956201452802987,True
35,2023,154,6900.0,0.135128129979398,True
36,2023,135,5800.0,0.14607786269943765,True
37,2023,142,6500.0,0.16535736042353016,True
38,2023,117,5400.0,0.16429339992263997,True
39,2023,117,5800.0,0.15798497280403556,True
40,2023,136,6000.0,0.11470570312631945,True
41,2023,115,4900.0,0.14974816212277736,True
42,2023,111,5100.0,0.1427332974561018,True
43,2023,105,4500.0,0.15732300269638586,True
44,2023,106,5000.0,0.16223524171906958,True
45,2023,110,5000.0,0.1460774778635469,True
46,2023,100,4200.0,0.14975769625334273,True
47,2023,86,4000.0,0.17412083987334684,True
48,2023,85,3500.0,0.14556477334070683,True
49,2023,101,5300.0,0.18425262986123386,True
50,2023,81,3700.0,0.10960304854286182,True
51,2023,86,3900.0,0.14478295962098972,True
52,2023,114,5500.0,0.14535546365285304,True
53,2023,106,5000.0,0.14742148175994244,True
54,2023,79,3300.0,0.16938787697856533,True
55,2023,78,3500.0,0.1598466759180088,True
56,2023,90,4400.0,0.1690586247797649,True
57,2023,104,5000.0,0.1427668008744437,True
58,2023,105,4600.0,0.17090288587810037,True
59,2023,80,3700.0,0.22209718992230323,True
60,2023,101,4800.0,0.16427299660931105,True
61,2023,98,4600.0,0.1531308825109457,True
62,2023,91,4400.0,0.15877202383607295,True
63,2023,99,4500.0,0.19471825595222844,True
64,2023,83,3800.0,0.17457093951367095,True
65,2023,100,4500.0,0.1623153299289482,True
66,2023,94,4600.0,0.1853986261415876,True
67,2023,88,4200.0,0.18287226991080122,True
68,2023,95,4700.0,0.2122398927861948,True
69,2023,81,4000.0,0.23212310473654538,True
70,2023,94,4400.0,0.21260880557218517,True
71,2023,84,4000.0,0.2316974742709038,True
72,2023,73,3300.0,0.22814631237250507,True
73,2023,70,,0.37938116305877545,False
74,2023,74,3700.0,0.22041447406481082,True
75,2023,51,,0.3563609910054062,False
76,2023,66,3600.0,0.24769534500284812,True
77,2023,50,,0.38400371420164575,False
78,2023,48,2600.0,0.3173432249520601,True
79,2023,62,3300.0,0.3097876039460656,True
80,2023,44,2400.0,0.2874666913853533,True
81,2023,57,,0.34115417765790845,False
82,2023,33,,0.3592174682137135,False
83,2023,29,,0.34623918368632034,False
84,2023,27,,0.4335529259142831,False
85,2023,22,,0.3458160287179637,False
86,2023,22,1300.0,0.29058510497107976,True
87,2023,17,,0.42618991782824234,False
88,2023,12,,0.2994689129008551,False
89,2023,12,,0.30194513759238084,False
90,2023,64,2800.0,0.27375237239889333,True
0,2024,22,,0.4170299494511739,False
1,2024,115,3100.0,0.21496548278283278,True
2,2024,165,4200.0,0.14694848771614213,True
3,2024,188,6000.0,0.19781932020928233,True
4,2024,224,6500.0,0.20140018967249923,True
5,2024,302,9600.0,0.12862319156481836,True
6,2024,405,11800.0,0.15745924016493357,True
7,2024,432,13000.0,0.17259319975255025,True
8,2024,618,18600.0,0.11450162564587191,True
9,2024,738,23400.0,0.12778611685812857,True
10,2024,901,27600.0,0.12269086351593544,True
11,2024,1073,33100.0,0.09909309212927804,True
12,2024,1227,39500.0,0.10763107921531058,True
13,2024,1443,48300.0,0.08856985436949537,True
14,2024,1507,52300.0,0.09706391273267274,True
15,2024,1454,49200.0,0.10281468211975878,True
16,2024,1250,45100.0,0.09290315923105917,True
17,2024,1065,37500.0,0.08448709554490445,True
18,2024,509,23200.0,0.09217208796802212,True
19,2024,349,17500.0,0.15449498001249426,True
20,2024,321,15900.0,0.12513453991691134,True
21,2024,227,11500.0,0.16760696112004272,True
22,2024,202,10100.0,0.13399251857010308,True
23,2024,184,8700.0,0.1357874776092123,True
24,2024,231,11300.0,0.13792596699710016,True
25,2024,192,9000.0,0.1334175636841166,True
26,2024,176,8200.0,0.132227405898757,True
27,2024,187,8700.0,0.1285243644702793,True
28,2024,157,7400.0,0.11380149936588005,True
29,2024,172,8400.0,0.13787184501728747,True
30,2024,173,9000.0,0.150811984241904,True
31,2024,166,7900.0,0.1324369170192987,True
32,2024,153,7500.0,0.1320661035023112,True
33,2024,171,8200.0,0.11201797879524346,True
34,2024,131,6400.0,0.13148139248378987,True
35,2024,145,7200.0,0.11561887861344072,True
36,2024,151,7900.0,0.13127963334663,True
37,2024,133,6400.0,0.13119632201146555,True
38,2024,147,8000.0,0.12665761152607088,True
39,2024,135,6900.0,0.11841861304123592,True
40,2024,133,6500.0,0.13368747319931454,True
41,2024,113,5600.0,0.13612737512776787,True
42,2024,124,5900.0,0.14058582930025093,True
43,2024,110,5600.0,0.11613186273898243,True
44,2024,118,6500.0,0.12764808102971006,True
45,2024,114,5900.0,0.12315691344024372,True
46,2024,106,5000.0,0.14104686349509948,True
47,2024,120,6200.0,0.16600097895714172,True
48,2024,108,5300.0,0.1453000881201307,True
49,2024,94,4800.0,0.1393628588427436,True
50,2024,90,4100.0,0.14627746001571454,True
51,2024,93,4800.0,0.15431738708535603,True
52,2024,100,4700.0,0.13891530907799052,True
53,2024,119,6000.0,0.12960062180285836,True
54,2024,85,4200.0,0.14828755003905156,True
55,2024,98,5200.0,0.15690672629961852,True
56,2024,96,5000.0,0.1977802806740739,True
57,2024,98,5300.0,0.1513856341519081,True
58,2024,93,4500.0,0.1482157865470378,True
59,2024,103,5500.0,0.19138605037566572,True
60,2024,116,5600.0,0.19715260462471446,True
61,2024,90,4800.0,0.1754612260621828,True
62,2024,115,5800.0,0.14440051067218437,True
63,2024,121,6400.0,0.1528452814114933,True
64,2024,105,5600.0,0.19091483239981435,True
65,2024,113,6500.0,0.1907871086014064,True
66,2024,118,6000.0,0.13446597789221296,True
67,2024,99,4700.0,0.14997848726702095,True
68,2024,95,5000.0,0.20126575653989548,True
69,2024,103,5400.0,0.18585865448006716,True
70,2024,95,4800.0,0.16409644392248496,True
71,2024,107,5700.0,0.19727414940039661,True
72,2024,99,5600.0,0.1849912506864104,True
73,2024,81,4400.0,0.20304973783357094,True
74,2024,104,5700.0,0.1722811068016158,True
75,2024,74,3900.0,0.22078847877806174,True
76,2024,68,3100.0,0.21477580833415091,True
77,2024,79,4000.0,0.23025328080105484,True
78,2024,51,2300.0,0.16870687032503506,True
79,2024,55,2700.0,0.20222259368955167,True
80,2024,62,3400.0,0.21500569429497354,True
81,2024,64,3300.0,0.19499430913188498,True
82,2024,51,2700.0,0.20870764346949927,True
83,2024,43,2200.0,0.23494573738366314,True
84,2024,31,1700.0,0.2241803775681474,True
85,2024,27,1300.0,0.22426335105403616,True
86,2024,26,1300.0,0.22212129169051226,True
87,2024,29,1500.0,0.28243631665998076,True
88,2024,20,,0.2800553715328237,False
89,2024,16,,0.31648072981556535,False
90,2024,64,2800.0,0.21322997137322552,True
0,2025,31,,0.22911616570186658,False
1,2025,121,2700.0,0.22539504479671754,True
2,2025,175,4400.0,0.2419032056362137,True
3,2025,230,5600.0,0.2581868675017876,True
4,2025,218,6400.0,0.19026775387098138,True
5,2025,319,8200.0,0.2195409133752712,True
6,2025,419,11800.0,0.19798204919903262,True
7,2025,526,14200.0,0.15773568618989792,True
8,2025,655,18300.0,0.16640603597216416,True
9,2025,879,25300.0,0.1492324318836831,True
10,2025,1028,28300.0,0.13403946522669372,True
11,2025,1128,32800.0,0.12368159486774706,True
12,2025,1412,42100.0,0.09789059315891571,True
13,2025,1619,47700.0,0.09851650374711601,True
14,2025,1604,49800.0,0.08895249274977748,True
15,2025,1550,47100.0,0.09264852250279078,True
16,2025,1413,44900.0,0.09560607818508614,True
17,2025,1066,34900.0,0.09606776503152643,True
18,2025,528,22200.0,0.10794147414190312,True
19,2025,399,18500.0,0.15581597518829354,True
20,2025,308,14100.0,0.13797861060030842,True
21,2025,247,11800.0,0.12619485697327731,True
22,2025,206,9900.0,0.1378809241730655,True
23,2025,222,10300.0,0.11033592620706668,True
24,2025,210,9400.0,0.12392019470644597,True
25,2025,193,9400.0,0.11962941801040482,True
26,2025,194,8300.0,0.11088439146532335,True
27,2025,198,9500.0,0.1037227008758733,True
28,2025,176,8100.0,0.12185842717067906,True
29,2025,169,7600.0,0.11998611412847796,True
30,2025,156,6800.0,0.14051595263353076,True
31,2025,187,8900.0,0.12284532371270983,True
32,2025,156,8100.0,0.1361977464340846,True
33,2025,159,7900.0,0.12005288691001204,True
34,2025,172,8800.0,0.1442396407275017,True
35,2025,169,8300.0,0.11331000746541584,True
36,2025,156,7200.0,0.1397415115824999,True
37,2025,134,6500.0,0.09736280844556995,True
38,2025,153,7200.0,0.14539767569588366,True
39,2025,162,7600.0,0.12612078364706786,True
40,2025,127,6000.0,0.1363221809759146,True
41,2025,121,5800.0,0.12811280359232508,True
42,2025,124,5800.0,0.14304448634216904,True
43,2025,114,5000.0,0.16273906739736155,True
44,2025,119,5500.0,0.150633205937511,True
45,2025,123,6200.0,0.15201728257840708,True
46,2025,109,5800.0,0.16622604429185286,True
47,2025,105,5100.0,0.16316061993883227,True
48,2025,115,5900.0,0.1433574420315128,True
49,2025,93,4600.0,0.14368959531117248,True
50,2025,99,4400.0,0.14326577708231183,True
51,2025,101,5100.0,0.15129072680187913,True
52,2025,93,4300.0,0.16472386596980776,True
53,2025,105,4500.0,0.15705455232498028,True
54,2025,96,4800.0,0.17460148525828575,True
55,2025,103,4800.0,0.15430292954085376,True
56,2025,115,5900.0,0.15161735061736087,True
57,2025,98,5000.0,0.1761380599907259,True
58,2025,113,5300.0,0.1462358829435029,True
59,2025,113,5700.0,0.14367916895018326,True
60,2025,102,5400.0,0.1923089188818806,True
61,2025,139,6600.0,0.14831286602330157,True
62,2025,96,4500.0,0.1895911131088468,True
63,2025,121,5400.0,0.15949223880361524,True
64,2025,109,5400.0,0.16915051281775467,True
65,2025,128,6900.0,0.15158393277388962,True
66,2025,119,5300.0,0.15547876949352232,True
67,2025,132,6300.0,0.15494580252187076,True
68,2025,112,5500.0,0.1620180661933146,True
69,2025,117,6000.0,0.17295878626568006,True
70,2025,104,5000.0,0.16457220946937925,True
71,2025,96,4500.0,0.1488052054085534,True
72,2025,120,5800.0,0.20920304113705646,True
73,2025,81,3700.0,0.22777874773129725,True
74,2025,97,4600.0,0.20568224063010646,True
75,2025,82,4100.0,0.19236429876121758,True
76,2025,84,3800.0,0.23711398425048572,True
77,2025,88,4700.0,0.18796206775271201,True
78,2025,77,3500.0,0.2036679263029649,True
79,2025,73,3200.0,0.2590626555469946,True
80,2025,63,2700.0,0.2197118449991339,True
81,2025,65,3400.0,0.2318699579987749,True
82,2025,53,2500.0,0.2686342896879066,True
83,2025,43,2000.0,0.22810527688266655,True
84,2025,39,1900.0,0.2774827170689874,True
85,2025,36,1700.0,0.2760372744354011,True
86,2025,32,1400.0,0.2598309653996253,True
87,2025,32,1500.0,0.23497408193870287,True
88,2025,28,,0.2988223029989139,False
89,2025,19,,0.28945110881283603,False
90,2025,69,2800.0,0.197613649291193,True
