Diagnosis_Plot,Age_Band,Source_Year,n,estimate,cv_approx,annual_pass
Strain/sprain,0-4,2016,66,1600.0,0.2514706953319137,True
Strain/sprain,5-9,2016,1200,40400.0,0.15024498528717778,True
Strain/sprain,10-14,2016,6138,197600.0,0.10984737904830554,True
Strain/sprain,15-17,2016,4481,163500.0,0.10862383962287638,True
Strain/sprain,18-24,2016,3154,128200.0,0.09611367091174307,True
Strain/sprain,25-34,2016,2483,97700.0,0.10406956289103372,True
Strain/sprain,35-44,2016,1420,60300.0,0.1164102109219838,True
Strain/sprain,45-54,2016,828,36500.0,0.13003842323620984,True
Strain/sprain,55-64,2016,441,20200.0,0.16819939247158147,True
Strain/sprain,65-74,2016,259,14300.0,0.21417176099912577,True
Strain/sprain,75+,2016,110,6000.0,0.2611270799757604,True
Fracture,0-4,2016,169,3700.0,0.17702277706802133,True
Fracture,5-9,2016,1559,38900.0,0.16788006434676278,True
Fracture,10-14,2016,5234,138400.0,0.11541359851804925,True
Fracture,15-17,2016,2198,66600.0,0.10128616072511212,True
Fracture,18-24,2016,1151,44500.0,0.09932245298194904,True
Fracture,25-34,2016,893,34500.0,0.10096226563039101,True
Fracture,35-44,2016,484,20700.0,0.12052275386895461,True
Fracture,45-54,2016,386,15900.0,0.11682463499365064,True
Fracture,55-64,2016,270,12300.0,0.15341078354709906,True
Fracture,65-74,2016,207,11000.0,0.27002885711201663,True
Fracture,75+,2016,139,6900.0,0.29894501882234936,True
Contusion/abrasion,0-4,2016,218,7100.0,0.20331784765607686,True
Contusion/abrasion,5-9,2016,1032,31400.0,0.1443589687759893,True
Contusion/abrasion,10-14,2016,2921,98000.0,0.11472967424427516,True
Contusion/abrasion,15-17,2016,1581,60000.0,0.11765627437617666,True
Contusion/abrasion,18-24,2016,902,38700.0,0.09847874729899457,True
Contusion/abrasion,25-34,2016,652,32200.0,0.12601656523200835,True
Contusion/abrasion,35-44,2016,359,17700.0,0.13316779102812798,True
Contusion/abrasion,45-54,2016,231,11200.0,0.17486414097950104,True
Contusion/abrasion,55-64,2016,145,7400.0,0.16370555068996476,True
Contusion/abrasion,65-74,2016,104,5900.0,0.20827626773659919,True
Contusion/abrasion,75+,2016,68,4000.0,0.19849992381864012,True
Laceration/open wound,0-4,2016,355,11800.0,0.16129864178975628,True
Laceration/open wound,5-9,2016,1030,30400.0,0.16862664180484468,True
Laceration/open wound,10-14,2016,1115,35500.0,0.13437241927128152,True
Laceration/open wound,15-17,2016,876,29800.0,0.11200248962165954,True
Laceration/open wound,18-24,2016,851,35900.0,0.1043092845323876,True
Laceration/open wound,25-34,2016,520,22100.0,0.15484431170614887,True
Laceration/open wound,35-44,2016,246,11600.0,0.16720236591644333,True
Laceration/open wound,45-54,2016,195,9600.0,0.1528231631981573,True
Laceration/open wound,55-64,2016,146,6700.0,0.15868660822358863,True
Laceration/open wound,65-74,2016,87,5000.0,0.25273717577984967,True
Laceration/open wound,75+,2016,60,3200.0,0.26101552933549177,True
Internal injury,0-4,2016,201,5200.0,0.16446869522578933,True
Internal injury,5-9,2016,642,18300.0,0.1853574889894754,True
Internal injury,10-14,2016,1438,44800.0,0.1368589527775682,True
Internal injury,15-17,2016,849,32500.0,0.17073686549642136,True
Internal injury,18-24,2016,401,16100.0,0.13214275399522452,True
Internal injury,25-34,2016,174,6900.0,0.13619404373147478,True
Internal injury,35-44,2016,110,5100.0,0.1588347636361083,True
Internal injury,45-54,2016,104,4000.0,0.1835950209955938,True
Internal injury,55-64,2016,92,4200.0,0.2186825604709812,True
Internal injury,65-74,2016,68,3300.0,0.31519867877550817,True
Internal injury,75+,2016,86,4500.0,0.31719357623259664,True
All other diagnoses,0-4,2016,673,20200.0,0.2192846964812737,True
All other diagnoses,5-9,2016,2325,74200.0,0.15778879588155434,True
All other diagnoses,10-14,2016,6472,196200.0,0.15227757763635347,True
All other diagnoses,15-17,2016,4475,145500.0,0.1295994393253622,True
All other diagnoses,18-24,2016,3339,130600.0,0.11352884298541269,True
All other diagnoses,25-34,2016,2598,105200.0,0.12669155616187594,True
All other diagnoses,35-44,2016,1687,73200.0,0.11193653925266556,True
All other diagnoses,45-54,2016,1344,62300.0,0.13871196719905401,True
All other diagnoses,55-64,2016,899,41500.0,0.1689142802014234,True
All other diagnoses,65-74,2016,708,39200.0,0.30093679439570403,True
All other diagnoses,75+,2016,423,25300.0,0.29457287928854164,True
Strain/sprain,0-4,2017,59,1400.0,0.21424841616617898,True
Strain/sprain,5-9,2017,1116,32400.0,0.12716970366238006,True
Strain/sprain,10-14,2017,6178,192900.0,0.09131653412362138,True
Strain/sprain,15-17,2017,4594,155400.0,0.08345598164972139,True
Strain/sprain,18-24,2017,3058,119900.0,0.08217915150614281,True
Strain/sprain,25-34,2017,2405,97100.0,0.09336387180461216,True
Strain/sprain,35-44,2017,1300,56500.0,0.09623074380781897,True
Strain/sprain,45-54,2017,795,34000.0,0.1310958048467271,True
Strain/sprain,55-64,2017,428,19400.0,0.17308614014333035,True
Strain/sprain,65-74,2017,249,12300.0,0.18233750410521193,True
Strain/sprain,75+,2017,105,5800.0,0.27252233365718076,True
Fracture,0-4,2017,180,3600.0,0.21550404667363077,True
Fracture,5-9,2017,1513,35500.0,0.13563052267211678,True
Fracture,10-14,2017,5155,131400.0,0.10350050558098252,True
Fracture,15-17,2017,2238,64500.0,0.09670946365914314,True
Fracture,18-24,2017,1109,41800.0,0.09570328020328207,True
Fracture,25-34,2017,838,31700.0,0.09956440839236569,True
Fracture,35-44,2017,466,20100.0,0.11150855960872716,True
Fracture,45-54,2017,326,14000.0,0.11724660916207426,True
Fracture,55-64,2017,294,13000.0,0.14874252508701863,True
Fracture,65-74,2017,225,11000.0,0.1675508625333391,True
Fracture,75+,2017,161,7700.0,0.22399805381357613,True
Contusion/abrasion,0-4,2017,202,4900.0,0.21489236818403692,True
Contusion/abrasion,5-9,2017,1060,29600.0,0.13169201678750564,True
Contusion/abrasion,10-14,2017,2935,95200.0,0.09681502407630573,True
Contusion/abrasion,15-17,2017,1622,57500.0,0.08769679490305159,True
Contusion/abrasion,18-24,2017,776,33100.0,0.08076695237802442,True
Contusion/abrasion,25-34,2017,563,24500.0,0.08035451754513609,True
Contusion/abrasion,35-44,2017,309,14100.0,0.08694506375885894,True
Contusion/abrasion,45-54,2017,216,10500.0,0.11036445524721948,True
Contusion/abrasion,55-64,2017,136,6600.0,0.14123487744652094,True
Contusion/abrasion,65-74,2017,114,5400.0,0.229341743427211,True
Contusion/abrasion,75+,2017,91,4300.0,0.21382868362772023,True
Laceration/open wound,0-4,2017,376,11000.0,0.15922925092891407,True
Laceration/open wound,5-9,2017,1033,30000.0,0.1386621072001146,True
Laceration/open wound,10-14,2017,1103,33900.0,0.11075487283520762,True
Laceration/open wound,15-17,2017,866,30600.0,0.10042059393552144,True
Laceration/open wound,18-24,2017,785,32200.0,0.09442579241546668,True
Laceration/open wound,25-34,2017,503,20000.0,0.10338454270502298,True
Laceration/open wound,35-44,2017,254,11800.0,0.13574625195653867,True
Laceration/open wound,45-54,2017,200,9500.0,0.1485458372198387,True
Laceration/open wound,55-64,2017,151,7400.0,0.15723470317379024,True
Laceration/open wound,65-74,2017,109,6100.0,0.21829867493918478,True
Laceration/open wound,75+,2017,90,4500.0,0.23023093647640644,True
Internal injury,0-4,2017,192,5000.0,0.2075610652166036,True
Internal injury,5-9,2017,685,16800.0,0.1978246519882216,True
Internal injury,10-14,2017,1468,42800.0,0.1448130642462433,True
Internal injury,15-17,2017,825,29200.0,0.1497583813102013,True
Internal injury,18-24,2017,364,14200.0,0.11829270885138367,True
Internal injury,25-34,2017,183,7900.0,0.13885271663323548,True
Internal injury,35-44,2017,143,6000.0,0.1523196454375399,True
Internal injury,45-54,2017,94,4200.0,0.23130457384189063,True
Internal injury,55-64,2017,92,3500.0,0.18333380003734062,True
Internal injury,65-74,2017,91,3900.0,0.24610269369771362,True
Internal injury,75+,2017,101,4600.0,0.28748740248464344,True
All other diagnoses,0-4,2017,851,24200.0,0.25127731037603024,True
All other diagnoses,5-9,2017,2723,80700.0,0.18422414868822193,True
All other diagnoses,10-14,2017,7160,215500.0,0.13965852790371866,True
All other diagnoses,15-17,2017,4704,147800.0,0.12194466190802224,True
All other diagnoses,18-24,2017,3410,130600.0,0.10359351713781767,True
All other diagnoses,25-34,2017,2775,109800.0,0.10189952261077846,True
All other diagnoses,35-44,2017,1689,74200.0,0.09703635963478191,True
All other diagnoses,45-54,2017,1471,68000.0,0.11515757649486749,True
All other diagnoses,55-64,2017,1052,51900.0,0.12572855154785736,True
All other diagnoses,65-74,2017,834,43900.0,0.23006966432462905,True
All other diagnoses,75+,2017,567,30100.0,0.27361472586463226,True
Strain/sprain,0-4,2018,44,1300.0,0.2776824000526158,True
Strain/sprain,5-9,2018,993,31100.0,0.21065705130808246,True
Strain/sprain,10-14,2018,5430,172700.0,0.1234873089467041,True
Strain/sprain,15-17,2018,4042,141400.0,0.10970723064805145,True
Strain/sprain,18-24,2018,2470,101500.0,0.09113582915419484,True
Strain/sprain,25-34,2018,1912,80800.0,0.09567443566143148,True
Strain/sprain,35-44,2018,1144,50200.0,0.10329155438925085,True
Strain/sprain,45-54,2018,681,30100.0,0.12670974276459707,True
Strain/sprain,55-64,2018,406,19900.0,0.1870789577807545,True
Strain/sprain,65-74,2018,274,15500.0,0.2662824425686146,True
Strain/sprain,75+,2018,123,7400.0,0.27232059147836085,True
Fracture,0-4,2018,182,4100.0,0.23847290287445289,True
Fracture,5-9,2018,1423,33900.0,0.17797822881611589,True
Fracture,10-14,2018,4677,118800.0,0.12828779293305426,True
Fracture,15-17,2018,1961,59300.0,0.11724352540042925,True
Fracture,18-24,2018,951,37300.0,0.10080976068728681,True
Fracture,25-34,2018,724,27600.0,0.0983242271815635,True
Fracture,35-44,2018,477,21300.0,0.09508878154262634,True
Fracture,45-54,2018,297,13400.0,0.12879506233525478,True
Fracture,55-64,2018,304,14300.0,0.16203908006443074,True
Fracture,65-74,2018,234,12600.0,0.1842988800640152,True
Fracture,75+,2018,166,8700.0,0.18654210367913174,True
Contusion/abrasion,0-4,2018,235,6400.0,0.1707500835135864,True
Contusion/abrasion,5-9,2018,926,27500.0,0.19655643269626033,True
Contusion/abrasion,10-14,2018,2655,82500.0,0.13227254412506764,True
Contusion/abrasion,15-17,2018,1411,50600.0,0.12337193006716148,True
Contusion/abrasion,18-24,2018,671,28000.0,0.09535933902472452,True
Contusion/abrasion,25-34,2018,510,23400.0,0.08994574220166184,True
Contusion/abrasion,35-44,2018,284,13500.0,0.10872208493413564,True
Contusion/abrasion,45-54,2018,199,9600.0,0.10326682340048539,True
Contusion/abrasion,55-64,2018,148,7200.0,0.1406837570548857,True
Contusion/abrasion,65-74,2018,98,5000.0,0.18022866181124433,True
Contusion/abrasion,75+,2018,79,4200.0,0.23306189444535522,True
Laceration/open wound,0-4,2018,369,11200.0,0.1909548153468215,True
Laceration/open wound,5-9,2018,946,26000.0,0.181627928463221,True
Laceration/open wound,10-14,2018,1009,30700.0,0.11858646938603037,True
Laceration/open wound,15-17,2018,751,26200.0,0.13464246200892696,True
Laceration/open wound,18-24,2018,670,27400.0,0.09752459747407499,True
Laceration/open wound,25-34,2018,447,18800.0,0.10102725372988827,True
Laceration/open wound,35-44,2018,252,11700.0,0.11687299719277044,True
Laceration/open wound,45-54,2018,168,7500.0,0.16774731640925503,True
Laceration/open wound,55-64,2018,125,6300.0,0.1943950364683523,True
Laceration/open wound,65-74,2018,94,5600.0,0.17915067795534745,True
Laceration/open wound,75+,2018,74,3900.0,0.2359505920375007,True
Internal injury,0-4,2018,193,4500.0,0.21658346503035072,True
Internal injury,5-9,2018,619,17500.0,0.19366926166173903,True
Internal injury,10-14,2018,1352,41900.0,0.15994398775275254,True
Internal injury,15-17,2018,764,27600.0,0.20158688417209658,True
Internal injury,18-24,2018,308,13500.0,0.12635638644065725,True
Internal injury,25-34,2018,187,8300.0,0.14316205763846246,True
Internal injury,35-44,2018,109,4900.0,0.16235365065385235,True
Internal injury,45-54,2018,82,4000.0,0.2079971052461899,True
Internal injury,55-64,2018,90,4700.0,0.16993170376689318,True
Internal injury,65-74,2018,105,5400.0,0.26357651035982343,True
Internal injury,75+,2018,113,5400.0,0.29431073081564085,True
All other diagnoses,0-4,2018,770,22600.0,0.26801910697998166,True
All other diagnoses,5-9,2018,2507,74100.0,0.18725616014675067,True
All other diagnoses,10-14,2018,6529,188500.0,0.139187176010537,True
All other diagnoses,15-17,2018,4373,138500.0,0.12007216108137186,True
All other diagnoses,18-24,2018,3035,119100.0,0.09992963873105513,True
All other diagnoses,25-34,2018,2516,105300.0,0.09341495169773298,True
All other diagnoses,35-44,2018,1605,73000.0,0.09511323926389371,True
All other diagnoses,45-54,2018,1249,58500.0,0.12002921154383751,True
All other diagnoses,55-64,2018,1010,46500.0,0.16240721425210908,True
All other diagnoses,65-74,2018,830,44100.0,0.2775562146516337,True
All other diagnoses,75+,2018,577,32000.0,0.3111474724543767,True
Strain/sprain,0-4,2019,48,,0.29444339269435466,False
Strain/sprain,5-9,2019,875,25100.0,0.1628566756299112,True
Strain/sprain,10-14,2019,5033,158000.0,0.1529053963149455,True
Strain/sprain,15-17,2019,3698,127000.0,0.14029977441867214,True
Strain/sprain,18-24,2019,2304,90500.0,0.09786417857422795,True
Strain/sprain,25-34,2019,1784,73300.0,0.09562409577847752,True
Strain/sprain,35-44,2019,999,44500.0,0.09211205295979367,True
Strain/sprain,45-54,2019,598,26700.0,0.11373915202981828,True
Strain/sprain,55-64,2019,415,18400.0,0.1901092949785098,True
Strain/sprain,65-74,2019,289,,0.35456810964080165,False
Strain/sprain,75+,2019,153,,0.3384838633330282,False
Fracture,0-4,2019,166,3800.0,0.24875019475564578,True
Fracture,5-9,2019,1362,29700.0,0.15712261726550897,True
Fracture,10-14,2019,4852,121200.0,0.13288373046737498,True
Fracture,15-17,2019,1992,56500.0,0.11850150643550438,True
Fracture,18-24,2019,934,36600.0,0.08841780760460938,True
Fracture,25-34,2019,749,30000.0,0.10401813185191873,True
Fracture,35-44,2019,472,21000.0,0.09351863313928419,True
Fracture,45-54,2019,331,13600.0,0.10836331362719707,True
Fracture,55-64,2019,315,13600.0,0.14888613648636462,True
Fracture,65-74,2019,272,12500.0,0.23686065758606167,True
Fracture,75+,2019,177,9300.0,0.2503890102373359,True
Contusion/abrasion,0-4,2019,188,5000.0,0.18831032123067057,True
Contusion/abrasion,5-9,2019,910,26400.0,0.19675576920080462,True
Contusion/abrasion,10-14,2019,2371,75400.0,0.16402051157632672,True
Contusion/abrasion,15-17,2019,1372,46500.0,0.1611725066459516,True
Contusion/abrasion,18-24,2019,614,26300.0,0.11899738298889251,True
Contusion/abrasion,25-34,2019,442,19400.0,0.09585529466274745,True
Contusion/abrasion,35-44,2019,267,13100.0,0.11307700230367634,True
Contusion/abrasion,45-54,2019,201,9800.0,0.13363837287320196,True
Contusion/abrasion,55-64,2019,168,8200.0,0.16925669926996809,True
Contusion/abrasion,65-74,2019,115,6200.0,0.2948346087260362,True
Contusion/abrasion,75+,2019,103,,0.3438517462613315,False
Laceration/open wound,0-4,2019,350,9700.0,0.23126248947601513,True
Laceration/open wound,5-9,2019,908,26600.0,0.20027694276752353,True
Laceration/open wound,10-14,2019,961,29700.0,0.13765037832548857,True
Laceration/open wound,15-17,2019,681,24300.0,0.13855914593931684,True
Laceration/open wound,18-24,2019,604,25600.0,0.1043165892988054,True
Laceration/open wound,25-34,2019,398,17900.0,0.10497878593149991,True
Laceration/open wound,35-44,2019,221,9500.0,0.14399858089297582,True
Laceration/open wound,45-54,2019,172,8000.0,0.15093990174988903,True
Laceration/open wound,55-64,2019,128,6600.0,0.1695431434435893,True
Laceration/open wound,65-74,2019,96,5400.0,0.181613198167492,True
Laceration/open wound,75+,2019,74,4200.0,0.23697490349765277,True
Internal injury,0-4,2019,185,4000.0,0.2163887508784666,True
Internal injury,5-9,2019,696,17400.0,0.21475725318739802,True
Internal injury,10-14,2019,1441,41300.0,0.15701293668216126,True
Internal injury,15-17,2019,766,26700.0,0.1544006817855945,True
Internal injury,18-24,2019,327,14300.0,0.1397623238251079,True
Internal injury,25-34,2019,167,6600.0,0.16225551416796838,True
Internal injury,35-44,2019,92,4200.0,0.17701836981430072,True
Internal injury,45-54,2019,99,4100.0,0.17825331442591197,True
Internal injury,55-64,2019,88,3900.0,0.12900440052959838,True
Internal injury,65-74,2019,112,5100.0,0.22874881306494116,True
Internal injury,75+,2019,102,,0.37105925674378676,False
All other diagnoses,0-4,2019,795,22500.0,0.2955143908134844,True
All other diagnoses,5-9,2019,2305,66100.0,0.19565730298312198,True
All other diagnoses,10-14,2019,6532,184600.0,0.1326767360865615,True
All other diagnoses,15-17,2019,4300,133600.0,0.11711304908456359,True
All other diagnoses,18-24,2019,2996,118500.0,0.08614785305111398,True
All other diagnoses,25-34,2019,2363,99500.0,0.08192613064806396,True
All other diagnoses,35-44,2019,1606,71900.0,0.0882810878214599,True
All other diagnoses,45-54,2019,1296,60700.0,0.11381252415477248,True
All other diagnoses,55-64,2019,1105,50500.0,0.13739346814835326,True
All other diagnoses,65-74,2019,885,47900.0,0.2975800861018325,True
All other diagnoses,75+,2019,568,29800.0,0.31983271740696523,True
Strain/sprain,0-4,2020,35,,0.31450168221554653,False
Strain/sprain,5-9,2020,415,10700.0,0.2685987093289277,True
Strain/sprain,10-14,2020,2162,61600.0,0.18154139020762752,True
Strain/sprain,15-17,2020,1815,55600.0,0.14694883351921073,True
Strain/sprain,18-24,2020,1345,54500.0,0.108467828059095,True
Strain/sprain,25-34,2020,1190,47100.0,0.09410518446531166,True
Strain/sprain,35-44,2020,748,30100.0,0.10561903058171612,True
Strain/sprain,45-54,2020,498,21000.0,0.13276721675873301,True
Strain/sprain,55-64,2020,322,14400.0,0.17902897598787207,True
Strain/sprain,65-74,2020,229,,0.343097032457256,False
Strain/sprain,75+,2020,114,,0.4631327080241916,False
Fracture,0-4,2020,180,3400.0,0.271813394536556,True
Fracture,5-9,2020,875,18100.0,0.208984162176157,True
Fracture,10-14,2020,2754,58400.0,0.17468128879882566,True
Fracture,15-17,2020,1272,33100.0,0.13470883178449758,True
Fracture,18-24,2020,653,25200.0,0.11600605928139329,True
Fracture,25-34,2020,557,21700.0,0.0999769451422347,True
Fracture,35-44,2020,367,14800.0,0.0880315468332386,True
Fracture,45-54,2020,249,9700.0,0.12098444595853818,True
Fracture,55-64,2020,282,12800.0,0.19717962625473137,True
Fracture,65-74,2020,242,12000.0,0.25679021359000803,True
Fracture,75+,2020,187,9600.0,0.20799665074104853,True
Contusion/abrasion,0-4,2020,151,3400.0,0.2863327887030486,True
Contusion/abrasion,5-9,2020,412,10600.0,0.23747102229094408,True
Contusion/abrasion,10-14,2020,1035,27700.0,0.19500024545926173,True
Contusion/abrasion,15-17,2020,626,20700.0,0.19012246216179138,True
Contusion/abrasion,18-24,2020,343,14700.0,0.11801189186348351,True
Contusion/abrasion,25-34,2020,292,12700.0,0.10012662403114882,True
Contusion/abrasion,35-44,2020,162,7800.0,0.13575825958392748,True
Contusion/abrasion,45-54,2020,115,4700.0,0.12835679920747045,True
Contusion/abrasion,55-64,2020,118,5400.0,0.1780756543027843,True
Contusion/abrasion,65-74,2020,79,4100.0,0.20599798606193995,True
Contusion/abrasion,75+,2020,88,,0.38251823968178517,False
Laceration/open wound,0-4,2020,336,10700.0,0.2947351315748826,True
Laceration/open wound,5-9,2020,643,16000.0,0.18351463432539433,True
Laceration/open wound,10-14,2020,566,16700.0,0.1499336382772032,True
Laceration/open wound,15-17,2020,423,14500.0,0.13046569342301492,True
Laceration/open wound,18-24,2020,414,19300.0,0.12767203385073272,True
Laceration/open wound,25-34,2020,281,12000.0,0.1292372209809036,True
Laceration/open wound,35-44,2020,200,9600.0,0.14975735480995256,True
Laceration/open wound,45-54,2020,136,6400.0,0.16425536218949133,True
Laceration/open wound,55-64,2020,123,5900.0,0.18739896822310223,True
Laceration/open wound,65-74,2020,105,5100.0,0.17157409853293212,True
Laceration/open wound,75+,2020,97,4800.0,0.2486625358467105,True
Internal injury,0-4,2020,156,3000.0,0.18690307312249715,True
Internal injury,5-9,2020,350,9000.0,0.2245446504357435,True
Internal injury,10-14,2020,620,14200.0,0.2044817110639221,True
Internal injury,15-17,2020,340,10100.0,0.1906504344074749,True
Internal injury,18-24,2020,226,9900.0,0.14389589798373942,True
Internal injury,25-34,2020,148,5900.0,0.1617500953475051,True
Internal injury,35-44,2020,77,3400.0,0.18310140178663792,True
Internal injury,45-54,2020,78,3000.0,0.1860877234304248,True
Internal injury,55-64,2020,90,3900.0,0.1828036379881728,True
Internal injury,65-74,2020,110,5300.0,0.258842872770939,True
Internal injury,75+,2020,115,5600.0,0.3123823710577146,True
All other diagnoses,0-4,2020,659,,0.35422647589186446,False
All other diagnoses,5-9,2020,1400,34900.0,0.2560892228222371,True
All other diagnoses,10-14,2020,3389,84600.0,0.15611375735745092,True
All other diagnoses,15-17,2020,2393,67600.0,0.13306092181749984,True
All other diagnoses,18-24,2020,2000,77300.0,0.1053443870207286,True
All other diagnoses,25-34,2020,1895,77700.0,0.090045901082553,True
All other diagnoses,35-44,2020,1244,52900.0,0.0878717831894079,True
All other diagnoses,45-54,2020,1077,45200.0,0.10852177033008989,True
All other diagnoses,55-64,2020,938,43000.0,0.17336704353563173,True
All other diagnoses,65-74,2020,702,35700.0,0.2899532191185938,True
All other diagnoses,75+,2020,472,23500.0,0.3259849413998551,True
Strain/sprain,0-4,2021,32,,0.3900790447690676,False
Strain/sprain,5-9,2021,620,16900.0,0.29762315587010996,True
Strain/sprain,10-14,2021,3294,95500.0,0.1786118772516936,True
Strain/sprain,15-17,2021,2759,87200.0,0.15079094335852877,True
Strain/sprain,18-24,2021,1877,71200.0,0.09109282317141365,True
Strain/sprain,25-34,2021,1505,56600.0,0.09399808407643434,True
Strain/sprain,35-44,2021,919,37900.0,0.09551380054082356,True
Strain/sprain,45-54,2021,495,20500.0,0.11587525054302507,True
Strain/sprain,55-64,2021,310,13400.0,0.1655140505817606,True
Strain/sprain,65-74,2021,212,9800.0,0.31038677422924016,True
Strain/sprain,75+,2021,115,,0.37371660883973096,False
Fracture,0-4,2021,161,3100.0,0.21901762439787967,True
Fracture,5-9,2021,1311,26900.0,0.20886244397551545,True
Fracture,10-14,2021,4215,93500.0,0.14198442728516533,True
Fracture,15-17,2021,1863,48400.0,0.11647447340275992,True
Fracture,18-24,2021,904,32700.0,0.11534320967885266,True
Fracture,25-34,2021,798,30500.0,0.09833797796452114,True
Fracture,35-44,2021,444,17500.0,0.12310858183079648,True
Fracture,45-54,2021,303,12300.0,0.13209985296769675,True
Fracture,55-64,2021,329,14600.0,0.1703099567299803,True
Fracture,65-74,2021,297,15200.0,0.2661699610365865,True
Fracture,75+,2021,202,9500.0,0.1963201211596096,True
Contusion/abrasion,0-4,2021,142,3500.0,0.21586129174081103,True
Contusion/abrasion,5-9,2021,617,16400.0,0.25776421992004445,True
Contusion/abrasion,10-14,2021,1518,43400.0,0.1907558667614931,True
Contusion/abrasion,15-17,2021,962,29500.0,0.14842278041439477,True
Contusion/abrasion,18-24,2021,528,20800.0,0.1298197758947941,True
Contusion/abrasion,25-34,2021,383,16000.0,0.09709317369925062,True
Contusion/abrasion,35-44,2021,212,9100.0,0.12719510010701843,True
Contusion/abrasion,45-54,2021,177,7500.0,0.12359961995993043,True
Contusion/abrasion,55-64,2021,121,5700.0,0.18869958346699614,True
Contusion/abrasion,65-74,2021,102,4700.0,0.23952620167053046,True
Contusion/abrasion,75+,2021,112,5800.0,0.29039507874890985,True
Laceration/open wound,0-4,2021,343,10200.0,0.2595555754207527,True
Laceration/open wound,5-9,2021,801,21800.0,0.2032014757479646,True
Laceration/open wound,10-14,2021,712,20400.0,0.14565529175963768,True
Laceration/open wound,15-17,2021,586,19400.0,0.12784213187232535,True
Laceration/open wound,18-24,2021,563,22900.0,0.1538064041502389,True
Laceration/open wound,25-34,2021,349,14000.0,0.10606591588422193,True
Laceration/open wound,35-44,2021,221,9400.0,0.12035977818578363,True
Laceration/open wound,45-54,2021,140,6200.0,0.14252892435580392,True
Laceration/open wound,55-64,2021,127,5900.0,0.1641710778149638,True
Laceration/open wound,65-74,2021,122,5800.0,0.18918170694401296,True
Laceration/open wound,75+,2021,82,4100.0,0.2687023404747708,True
Internal injury,0-4,2021,175,4200.0,0.18463455579930158,True
Internal injury,5-9,2021,471,12300.0,0.24204617407933438,True
Internal injury,10-14,2021,887,23600.0,0.15585149977029514,True
Internal injury,15-17,2021,590,18700.0,0.15127447880328324,True
Internal injury,18-24,2021,314,12400.0,0.1188025225752688,True
Internal injury,25-34,2021,165,6600.0,0.142442898860094,True
Internal injury,35-44,2021,90,3700.0,0.1803128999212377,True
Internal injury,45-54,2021,99,3800.0,0.15581956229796604,True
Internal injury,55-64,2021,98,4100.0,0.17738971156412858,True
Internal injury,65-74,2021,111,5200.0,0.24789511189300936,True
Internal injury,75+,2021,131,5700.0,0.2102189120546211,True
All other diagnoses,0-4,2021,836,21500.0,0.30902908428567505,True
All other diagnoses,5-9,2021,2023,50500.0,0.2659741239237925,True
All other diagnoses,10-14,2021,5240,130600.0,0.15964634202804645,True
All other diagnoses,15-17,2021,3778,104900.0,0.11632816821394656,True
All other diagnoses,18-24,2021,2831,105400.0,0.10720681197678092,True
All other diagnoses,25-34,2021,2214,86300.0,0.09889428365409957,True
All other diagnoses,35-44,2021,1641,65900.0,0.10098572031141387,True
All other diagnoses,45-54,2021,1121,47200.0,0.11257685436528779,True
All other diagnoses,55-64,2021,1020,44400.0,0.14536256310130333,True
All other diagnoses,65-74,2021,882,42600.0,0.22422767291371273,True
All other diagnoses,75+,2021,569,27700.0,0.2891186235962145,True
Strain/sprain,0-4,2022,39,,0.33849123860325214,False
Strain/sprain,5-9,2022,654,23000.0,0.2731910347089263,True
Strain/sprain,10-14,2022,3734,124600.0,0.18648697933237665,True
Strain/sprain,15-17,2022,2850,100900.0,0.1629914119856599,True
Strain/sprain,18-24,2022,1759,73900.0,0.10340347092570301,True
Strain/sprain,25-34,2022,1282,54900.0,0.09411812178048097,True
Strain/sprain,35-44,2022,783,36000.0,0.11827758330153752,True
Strain/sprain,45-54,2022,460,22400.0,0.10818731809043683,True
Strain/sprain,55-64,2022,303,15900.0,0.17897029313563234,True
Strain/sprain,65-74,2022,194,11300.0,0.3118149203285656,True
Strain/sprain,75+,2022,115,6700.0,0.29691956132810343,True
Fracture,0-4,2022,131,2500.0,0.1835210323457301,True
Fracture,5-9,2022,1261,30400.0,0.20467960125406182,True
Fracture,10-14,2022,4623,119900.0,0.15888521287983678,True
Fracture,15-17,2022,2050,59900.0,0.1329584575520973,True
Fracture,18-24,2022,974,39700.0,0.11652482061122565,True
Fracture,25-34,2022,696,28200.0,0.11119225511440364,True
Fracture,35-44,2022,437,19000.0,0.11837897348348932,True
Fracture,45-54,2022,275,13400.0,0.13426759284920312,True
Fracture,55-64,2022,308,16200.0,0.18118830253173787,True
Fracture,65-74,2022,285,15800.0,0.21151891533767492,True
Fracture,75+,2022,200,10900.0,0.21224761136032586,True
Contusion/abrasion,0-4,2022,144,4700.0,0.28180498562553996,True
Contusion/abrasion,5-9,2022,633,19800.0,0.26326416366672223,True
Contusion/abrasion,10-14,2022,1656,55600.0,0.18664498461878679,True
Contusion/abrasion,15-17,2022,953,34800.0,0.14993090318211347,True
Contusion/abrasion,18-24,2022,483,22400.0,0.10497908131655437,True
Contusion/abrasion,25-34,2022,349,17300.0,0.10488757412611593,True
Contusion/abrasion,35-44,2022,206,9000.0,0.11377181663617099,True
Contusion/abrasion,45-54,2022,151,7500.0,0.1187197879153242,True
Contusion/abrasion,55-64,2022,134,6700.0,0.1416195826054045,True
Contusion/abrasion,65-74,2022,97,5000.0,0.17301791463901486,True
Contusion/abrasion,75+,2022,88,4900.0,0.2870065127812278,True
Laceration/open wound,0-4,2022,284,9200.0,0.27140466362272436,True
Laceration/open wound,5-9,2022,747,24600.0,0.219989201448043,True
Laceration/open wound,10-14,2022,828,27300.0,0.14430120985635891,True
Laceration/open wound,15-17,2022,570,20000.0,0.14885636612043437,True
Laceration/open wound,18-24,2022,583,27300.0,0.12689874820122501,True
Laceration/open wound,25-34,2022,326,14600.0,0.12305997616668801,True
Laceration/open wound,35-44,2022,207,10400.0,0.1459070827096416,True
Laceration/open wound,45-54,2022,137,6400.0,0.14772035832466465,True
Laceration/open wound,55-64,2022,119,7000.0,0.14822900296075972,True
Laceration/open wound,65-74,2022,114,6500.0,0.19690939786026918,True
Laceration/open wound,75+,2022,89,4400.0,0.20595992873412203,True
Internal injury,0-4,2022,169,,0.34245272623583256,False
Internal injury,5-9,2022,640,17800.0,0.18751606972553528,True
Internal injury,10-14,2022,1267,37700.0,0.1703086750971338,True
Internal injury,15-17,2022,721,23500.0,0.15879751887279833,True
Internal injury,18-24,2022,372,16700.0,0.13805691938595505,True
Internal injury,25-34,2022,208,8600.0,0.15785038592004608,True
Internal injury,35-44,2022,101,4200.0,0.12992779624537734,True
Internal injury,45-54,2022,98,4400.0,0.20682319803602164,True
Internal injury,55-64,2022,104,5000.0,0.21542281530599455,True
Internal injury,65-74,2022,146,8000.0,0.27596489093629434,True
Internal injury,75+,2022,140,7400.0,0.3004980658986823,True
All other diagnoses,0-4,2022,755,,0.353737165996367,False
All other diagnoses,5-9,2022,2445,69500.0,0.25084421782602134,True
All other diagnoses,10-14,2022,6337,175100.0,0.14689367278018187,True
All other diagnoses,15-17,2022,4299,131100.0,0.1299721766197201,True
All other diagnoses,18-24,2022,2946,118000.0,0.11866373728357033,True
All other diagnoses,25-34,2022,2280,97500.0,0.10420148553893244,True
All other diagnoses,35-44,2022,1478,67300.0,0.1195599675848221,True
All other diagnoses,45-54,2022,1167,53600.0,0.12000382844718703,True
All other diagnoses,55-64,2022,1060,52700.0,0.16032498495317288,True
All other diagnoses,65-74,2022,884,46100.0,0.21479352249530953,True
All other diagnoses,75+,2022,575,32900.0,0.2634655260377641,True
Strain/sprain,0-4,2023,39,,0.307282246065679,False
Strain/sprain,5-9,2023,714,21100.0,0.2455687650597979,True
Strain/sprain,10-14,2023,3797,117900.0,0.15976266720576593,True
Strain/sprain,15-17,2023,2982,99100.0,0.13415242597383153,True
Strain/sprain,18-24,2023,1778,70500.0,0.09369797518536052,True
Strain/sprain,25-34,2023,1381,55700.0,0.08388177285321077,True
Strain/sprain,35-44,2023,879,37000.0,0.09956921627003801,True
Strain/sprain,45-54,2023,454,20100.0,0.11247653183817699,True
Strain/sprain,55-64,2023,306,14600.0,0.15520141489315817,True
Strain/sprain,65-74,2023,213,9900.0,0.17377928667890613,True
Strain/sprain,75+,2023,116,6400.0,0.2850200654588415,True
Fracture,0-4,2023,131,3700.0,0.2774885180816008,True
Fracture,5-9,2023,1366,33700.0,0.16487392947009252,True
Fracture,10-14,2023,4398,113700.0,0.13067427688609612,True
Fracture,15-17,2023,1961,56300.0,0.11405997365097406,True
Fracture,18-24,2023,978,38400.0,0.11169107409325359,True
Fracture,25-34,2023,784,31400.0,0.1131857797673514,True
Fracture,35-44,2023,494,21200.0,0.1180460997154103,True
Fracture,45-54,2023,353,16000.0,0.13356631653839512,True
Fracture,55-64,2023,346,16600.0,0.14857806416156596,True
Fracture,65-74,2023,317,15100.0,0.19446026542247577,True
Fracture,75+,2023,249,13800.0,0.3088075350489323,True
Contusion/abrasion,0-4,2023,183,5300.0,0.2549478304059294,True
Contusion/abrasion,5-9,2023,633,19300.0,0.19876385459955617,True
Contusion/abrasion,10-14,2023,1826,60100.0,0.1267349549196915,True
Contusion/abrasion,15-17,2023,1044,36700.0,0.1188585009945012,True
Contusion/abrasion,18-24,2023,567,25200.0,0.10950224002198956,True
Contusion/abrasion,25-34,2023,370,14600.0,0.09077724001072969,True
Contusion/abrasion,35-44,2023,253,11100.0,0.1097672114688363,True
Contusion/abrasion,45-54,2023,181,8100.0,0.11991558047766895,True
Contusion/abrasion,55-64,2023,131,6400.0,0.16454149124757503,True
Contusion/abrasion,65-74,2023,131,6700.0,0.14877155593110253,True
Contusion/abrasion,75+,2023,94,4800.0,0.198973872576182,True
Laceration/open wound,0-4,2023,228,7300.0,0.30600036529296065,True
Laceration/open wound,5-9,2023,747,23900.0,0.1395990706181769,True
Laceration/open wound,10-14,2023,896,29100.0,0.12349286535969366,True
Laceration/open wound,15-17,2023,671,22800.0,0.12576296207700002,True
Laceration/open wound,18-24,2023,580,25100.0,0.12610450772174717,True
Laceration/open wound,25-34,2023,379,15800.0,0.10153817024886952,True
Laceration/open wound,35-44,2023,208,9400.0,0.11989082719270146,True
Laceration/open wound,45-54,2023,142,6800.0,0.15029483694076878,True
Laceration/open wound,55-64,2023,125,6200.0,0.1398178687370798,True
Laceration/open wound,65-74,2023,141,7400.0,0.18886827045915142,True
Laceration/open wound,75+,2023,106,5500.0,0.19372384298029935,True
Internal injury,0-4,2023,191,5500.0,0.24767374126493405,True
Internal injury,5-9,2023,628,16600.0,0.18578125663036246,True
Internal injury,10-14,2023,1283,38400.0,0.1487156536438907,True
Internal injury,15-17,2023,779,25400.0,0.13238430965821238,True
Internal injury,18-24,2023,395,15700.0,0.1258306895769167,True
Internal injury,25-34,2023,207,8100.0,0.14947266898324724,True
Internal injury,35-44,2023,128,5900.0,0.13045193238858804,True
Internal injury,45-54,2023,121,5200.0,0.18723392095793084,True
Internal injury,55-64,2023,133,6200.0,0.13685785651724214,True
Internal injury,65-74,2023,143,7400.0,0.25808210623641364,True
Internal injury,75+,2023,156,7900.0,0.2959869625246171,True
All other diagnoses,0-4,2023,700,,0.34739423884259485,False
All other diagnoses,5-9,2023,2528,73400.0,0.23742602928451234,True
All other diagnoses,10-14,2023,6232,186000.0,0.13710148649901444,True
All other diagnoses,15-17,2023,4774,154600.0,0.12301323716288329,True
All other diagnoses,18-24,2023,3277,126600.0,0.1105266861057114,True
All other diagnoses,25-34,2023,2809,113500.0,0.09940499402223099,True
All other diagnoses,35-44,2023,1935,81600.0,0.10699243750284222,True
All other diagnoses,45-54,2023,1360,59100.0,0.10643527721727751,True
All other diagnoses,55-64,2023,1248,56800.0,0.15342636498219683,True
All other diagnoses,65-74,2023,1138,54600.0,0.22590466509696536,True
All other diagnoses,75+,2023,734,38400.0,0.2817089485104545,True
Strain/sprain,0-4,2024,43,,0.27445642096856837,False
Strain/sprain,5-9,2024,767,23600.0,0.12271589896012881,True
Strain/sprain,10-14,2024,4124,135800.0,0.08605068390364168,True
Strain/sprain,15-17,2024,3213,110100.0,0.08887475787838987,True
Strain/sprain,18-24,2024,1718,83600.0,0.11132958022592082,True
Strain/sprain,25-34,2024,1306,63300.0,0.08791719440204487,True
Strain/sprain,35-44,2024,858,42500.0,0.09829449614855253,True
Strain/sprain,45-54,2024,440,21700.0,0.11182949097766437,True
Strain/sprain,55-64,2024,296,15400.0,0.13073979349877807,True
Strain/sprain,65-74,2024,246,13600.0,0.14653282547069174,True
Strain/sprain,75+,2024,111,6100.0,0.19030129902429818,True
Fracture,0-4,2024,186,4400.0,0.16015444931099096,True
Fracture,5-9,2024,1523,37600.0,0.10984734286839193,True
Fracture,10-14,2024,5041,139300.0,0.09280652180895298,True
Fracture,15-17,2024,2150,67900.0,0.09190780935237175,True
Fracture,18-24,2024,1019,51000.0,0.1479453568808951,True
Fracture,25-34,2024,782,37600.0,0.09334006643578874,True
Fracture,35-44,2024,493,24500.0,0.11291085206594659,True
Fracture,45-54,2024,329,17400.0,0.13156362029941734,True
Fracture,55-64,2024,359,19800.0,0.14386355859312386,True
Fracture,65-74,2024,351,18700.0,0.16559014243570164,True
Fracture,75+,2024,304,15900.0,0.17993362730763687,True
Contusion/abrasion,0-4,2024,181,5400.0,0.15540552129849708,True
Contusion/abrasion,5-9,2024,726,23500.0,0.12775177779956906,True
Contusion/abrasion,10-14,2024,1931,66400.0,0.09482856890913177,True
Contusion/abrasion,15-17,2024,1160,45700.0,0.09573747537977378,True
Contusion/abrasion,18-24,2024,467,23900.0,0.10555225370425449,True
Contusion/abrasion,25-34,2024,359,17800.0,0.10484427939174057,True
Contusion/abrasion,35-44,2024,280,14600.0,0.11310028192188713,True
Contusion/abrasion,45-54,2024,165,8800.0,0.10487789014296933,True
Contusion/abrasion,55-64,2024,150,7900.0,0.13371836895760764,True
Contusion/abrasion,65-74,2024,126,6900.0,0.14331141916841383,True
Contusion/abrasion,75+,2024,128,7000.0,0.19058608637940064,True
Laceration/open wound,0-4,2024,293,10100.0,0.13680052956836244,True
Laceration/open wound,5-9,2024,821,26300.0,0.12622270124818377,True
Laceration/open wound,10-14,2024,905,29500.0,0.10358597202748582,True
Laceration/open wound,15-17,2024,668,26400.0,0.10937486819924351,True
Laceration/open wound,18-24,2024,590,31400.0,0.16974867673467076,True
Laceration/open wound,25-34,2024,365,18600.0,0.09982395693335659,True
Laceration/open wound,35-44,2024,225,11800.0,0.10743805325766849,True
Laceration/open wound,45-54,2024,137,7800.0,0.1574146147928595,True
Laceration/open wound,55-64,2024,121,7100.0,0.16963668764009765,True
Laceration/open wound,65-74,2024,118,6500.0,0.13644640279166445,True
Laceration/open wound,75+,2024,117,6400.0,0.16863621380931235,True
Internal injury,0-4,2024,225,5700.0,0.14936185442882977,True
Internal injury,5-9,2024,737,19400.0,0.12693792171844331,True
Internal injury,10-14,2024,1461,43500.0,0.11215345032494607,True
Internal injury,15-17,2024,824,26200.0,0.10478578459694024,True
Internal injury,18-24,2024,345,17100.0,0.11995050209081554,True
Internal injury,25-34,2024,188,9000.0,0.11919206779359245,True
Internal injury,35-44,2024,125,6500.0,0.11644755478757747,True
Internal injury,45-54,2024,107,4900.0,0.1584201332007673,True
Internal injury,55-64,2024,120,6000.0,0.17225550366753667,True
Internal injury,65-74,2024,199,10400.0,0.16005065016119993,True
Internal injury,75+,2024,219,10600.0,0.20827081262438124,True
All other diagnoses,0-4,2024,856,23900.0,0.19495170632181605,True
All other diagnoses,5-9,2024,2697,79600.0,0.14433819021503022,True
All other diagnoses,10-14,2024,7282,230100.0,0.1064728210825208,True
All other diagnoses,15-17,2024,5082,175500.0,0.09995415138971908,True
All other diagnoses,18-24,2024,3621,167500.0,0.11314762409567969,True
All other diagnoses,25-34,2024,2850,131200.0,0.10549427641091849,True
All other diagnoses,35-44,2024,2093,99600.0,0.10310900153558654,True
All other diagnoses,45-54,2024,1533,73500.0,0.1074861535600511,True
All other diagnoses,55-64,2024,1392,68800.0,0.1404942260559125,True
All other diagnoses,65-74,2024,1277,67000.0,0.1694143049735012,True
All other diagnoses,75+,2024,922,45700.0,0.22461337788210564,True
Strain/sprain,0-4,2025,34,,0.3044563756958248,False
Strain/sprain,5-9,2025,822,24100.0,0.15068590028697804,True
Strain/sprain,10-14,2025,4102,127200.0,0.10037718514814584,True
Strain/sprain,15-17,2025,3186,105400.0,0.08470055636100704,True
Strain/sprain,18-24,2025,1755,83900.0,0.12296067923713945,True
Strain/sprain,25-34,2025,1307,62100.0,0.09030447248746816,True
Strain/sprain,35-44,2025,840,39800.0,0.09855140982502109,True
Strain/sprain,45-54,2025,472,23900.0,0.1062502069544884,True
Strain/sprain,55-64,2025,322,16400.0,0.13697322225656944,True
Strain/sprain,65-74,2025,239,11900.0,0.1788918823982831,True
Strain/sprain,75+,2025,122,6400.0,0.20438814564179397,True
Fracture,0-4,2025,205,4200.0,0.18283627038151976,True
Fracture,5-9,2025,1658,41300.0,0.13207014033849607,True
Fracture,10-14,2025,5262,138700.0,0.09697031188961613,True
Fracture,15-17,2025,2179,66000.0,0.09171412520604633,True
Fracture,18-24,2025,993,47100.0,0.13972056866217056,True
Fracture,25-34,2025,721,33500.0,0.1006351303323054,True
Fracture,35-44,2025,530,25600.0,0.1101375512267472,True
Fracture,45-54,2025,322,16800.0,0.12251252684470794,True
Fracture,55-64,2025,368,19100.0,0.15441206276737943,True
Fracture,65-74,2025,400,20100.0,0.1373322908798321,True
Fracture,75+,2025,308,14700.0,0.17549829289521504,True
Contusion/abrasion,0-4,2025,200,5600.0,0.17206406948517153,True
Contusion/abrasion,5-9,2025,723,22000.0,0.13765845660132806,True
Contusion/abrasion,10-14,2025,1760,56400.0,0.10800053904524685,True
Contusion/abrasion,15-17,2025,997,35600.0,0.10244102570450046,True
Contusion/abrasion,18-24,2025,471,23000.0,0.10199885049158657,True
Contusion/abrasion,25-34,2025,353,17400.0,0.10246241464079446,True
Contusion/abrasion,35-44,2025,242,11700.0,0.11372042392193404,True
Contusion/abrasion,45-54,2025,144,7000.0,0.13023080962714595,True
Contusion/abrasion,55-64,2025,129,6600.0,0.17258882467795017,True
Contusion/abrasion,65-74,2025,149,7800.0,0.1632967647358063,True
Contusion/abrasion,75+,2025,135,7300.0,0.2033287025392335,True
Laceration/open wound,0-4,2025,317,8900.0,0.18934685890740247,True
Laceration/open wound,5-9,2025,853,24800.0,0.1232171051414,True
Laceration/open wound,10-14,2025,983,31200.0,0.10244998110775524,True
Laceration/open wound,15-17,2025,737,25900.0,0.10873569493576613,True
Laceration/open wound,18-24,2025,558,27800.0,0.15837696202914187,True
Laceration/open wound,25-34,2025,380,17800.0,0.11050189574849989,True
Laceration/open wound,35-44,2025,269,13500.0,0.10449990424035727,True
Laceration/open wound,45-54,2025,141,7400.0,0.13355542261766096,True
Laceration/open wound,55-64,2025,127,6800.0,0.16795485621124442,True
Laceration/open wound,65-74,2025,138,7200.0,0.1736886346747657,True
Laceration/open wound,75+,2025,158,8000.0,0.16419031572944018,True
Internal injury,0-4,2025,226,5400.0,0.14911921934475694,True
Internal injury,5-9,2025,801,22200.0,0.15523035800603283,True
Internal injury,10-14,2025,1509,43600.0,0.10880741365088979,True
Internal injury,15-17,2025,840,29100.0,0.10152793823826094,True
Internal injury,18-24,2025,421,20800.0,0.1524144748274791,True
Internal injury,25-34,2025,245,11400.0,0.11920444157321503,True
Internal injury,35-44,2025,137,6600.0,0.1277858689664058,True
Internal injury,45-54,2025,94,4300.0,0.16771745815652414,True
Internal injury,55-64,2025,111,4800.0,0.17526401175165757,True
Internal injury,65-74,2025,188,9000.0,0.17444808047723878,True
Internal injury,75+,2025,209,9500.0,0.24231614655869113,True
All other diagnoses,0-4,2025,916,24200.0,0.25501652839370587,True
All other diagnoses,5-9,2025,3104,82100.0,0.1867986549440898,True
All other diagnoses,10-14,2025,8405,241000.0,0.1162181402191417,True
All other diagnoses,15-17,2025,5713,173900.0,0.1025600264611307,True
All other diagnoses,18-24,2025,3803,168600.0,0.1169204651496552,True
All other diagnoses,25-34,2025,3072,137100.0,0.11182187190278887,True
All other diagnoses,35-44,2025,2272,103200.0,0.11149763662613404,True
All other diagnoses,45-54,2025,1619,76700.0,0.12443572606838697,True
All other diagnoses,55-64,2025,1625,75400.0,0.13240322717691688,True
All other diagnoses,65-74,2025,1489,70000.0,0.17104208941004992,True
All other diagnoses,75+,2025,1141,53000.0,0.22702437804989237,True
