Activity,Cluster_Age,n,estimate,se_bound,cv_bound,estimate_rounded,reportable,reason,percent,percent_se_bound,percent_cv_bound,years
Basketball,0-17,74829,217600.0,23386.07912538906,0.1074818150489518,217600.0,True,passes conservative screen,59.2,2.1687182537833993,0.0366436660982006,10
Basketball,18-44,35570,137900.0,12456.217462937851,0.09033583323261457,137900.0,True,passes conservative screen,37.5,1.9959813606742012,0.05321677591321375,10
Basketball,45+,2959,12200.0,1342.8026060364532,0.1103686001899483,12200.0,True,passes conservative screen,3.3,0.3174709927303112,0.09593025839188042,10
Exercise/fitness,0-17,17523,56000.0,7958.620520698672,0.1421301478972273,56000.0,True,passes conservative screen,14.8,1.6735238213135348,0.11339396968257738,10
Exercise/fitness,18-44,37305,156100.0,16929.977951239074,0.10843935713736907,156100.0,True,passes conservative screen,41.1,1.8367824215064756,0.04463729886899638,10
Exercise/fitness,45+,36208,167300.0,23851.705700210925,0.14257568350610994,167300.0,True,passes conservative screen,44.1,2.130814621644549,0.04832605441452411,10
Football,0-17,77374,228400.0,26438.538448760064,0.11576456021439044,228400.0,True,passes conservative screen,81.6,1.7064022494674087,0.020899175780847896,10
Football,18-44,11654,47400.0,4691.713259063338,0.09906505067345851,47400.0,True,passes conservative screen,16.9,1.5889872137681984,0.0938466917579416,10
Football,45+,880,4000.0,667.9832248555041,0.1682952733434446,4000.0,True,passes conservative screen,1.4,0.2308652578022234,0.1626951121646104,10
Soccer,0-17,52134,136200.0,22104.03994398938,0.1623147591243376,136200.0,True,passes conservative screen,69.0,2.8478050938136907,0.04124335861734241,10
Soccer,18-44,14662,55200.0,7200.5084552774815,0.13033909920919884,55200.0,True,passes conservative screen,28.0,2.593163169516005,0.09257608320409465,10
Soccer,45+,1456,5800.0,1146.0900019892556,0.19765599706905307,5800.0,True,passes conservative screen,2.9,0.43325481439070657,0.14736422900702412,10
Swimming/diving,0-17,31784,104200.0,28306.42188725242,0.2715565741713168,104200.0,True,passes conservative screen,58.4,5.048468959832328,0.0864849118413452,10
Swimming/diving,18-44,8913,43700.0,5918.837872878574,0.13536940322136115,43700.0,True,passes conservative screen,24.5,3.2811356356288375,0.1340027048224795,10
Swimming/diving,45+,5924,30600.0,6577.604182397136,0.2149022230791349,30600.0,True,passes conservative screen,17.1,2.3267384758630714,0.13574569170059012,10
Baseball/softball,0-17,29333,94000.0,11855.86088837489,0.12607613569970047,94000.0,True,passes conservative screen,63.2,2.8163651357989115,0.044589261071211396,10
Baseball/softball,18-44,8837,41600.0,4315.172973127075,0.10363386030639372,41600.0,True,passes conservative screen,28.0,2.246242765014205,0.08031592761330414,10
Baseball/softball,45+,2704,13200.0,2241.3168558547163,0.1697219269505734,13200.0,True,passes conservative screen,8.9,1.202427320974433,0.13556109052234902,10
Weight training,0-17,6972,22500.0,3159.0983760263566,0.14012086559592596,22500.0,True,passes conservative screen,22.0,2.2194077404456456,0.10067589269293012,10
Weight training,18-44,13734,58200.0,6059.222726893689,0.10415308744171764,58200.0,True,passes conservative screen,56.9,2.136815757045852,0.03756393157831877,10
Weight training,45+,4879,21500.0,2630.7689872461947,0.12208613945386636,21500.0,True,passes conservative screen,21.1,1.323652712142496,0.06282122963212855,10
Other sport/recreation,0-17,19153,54500.0,9200.943314130018,0.16883108389954118,54500.0,True,passes conservative screen,68.7,4.000346900757797,0.05826318350333053,10
Other sport/recreation,18-44,4960,21100.0,2535.4341867424664,0.1202783586210895,21100.0,True,passes conservative screen,26.6,3.5880773591955712,0.13510563162318603,10
Other sport/recreation,45+,745,3800.0,624.2561310771949,0.16444953188460043,3800.0,True,passes conservative screen,4.8,0.8734269801812199,0.1826303416543836,10
Combat sports,0-17,14356,45300.0,5864.177153627661,0.12947379878482926,45300.0,True,passes conservative screen,53.4,2.8601272987095907,0.05354646067915146,10
Combat sports,18-44,8088,34900.0,3651.225870872217,0.10460467211234956,34900.0,True,passes conservative screen,41.2,2.6102022479904723,0.0634099104662929,10
Combat sports,45+,1042,4600.0,730.3254122795358,0.1588463026423105,4600.0,True,passes conservative screen,5.4,0.7129159398112764,0.13148300496767837,10
Other ball sports,0-17,14220,39800.0,4974.327339094583,0.12508960853090054,39800.0,True,passes conservative screen,56.0,4.882510548984553,0.08724436007185385,10
Other ball sports,18-44,2834,12400.0,1421.132193764888,0.11415118475509357,12400.0,True,passes conservative screen,17.5,2.1782837681220157,0.12432764272586001,10
Other ball sports,45+,3469,18800.0,5655.425412145812,0.3001595529825509,18800.0,True,passes conservative screen,26.5,5.483137809328857,0.20678705633260977,10
Gymnastics/cheerleading,0-17,17915,52200.0,8048.707611340268,0.15425835088279263,52200.0,True,passes conservative screen,89.6,1.7306563232430054,0.01932215830397902,10
Gymnastics/cheerleading,18-44,1331,5800.0,867.0273862433748,0.1507762347945557,5800.0,True,passes conservative screen,9.9,1.6468672405924312,0.1668326077114805,10
Gymnastics/cheerleading,45+,76,,137.29692927157,0.42076254074047037,,False,"estimate < 1200; CV bound outside [0, 0.33]; proportion CV unassessed or > 0.33",,0.24443579817118682,0.4363784783544854,10
Volleyball,0-17,10812,34000.0,4181.928800765372,0.12296132848998265,34000.0,True,passes conservative screen,65.8,2.924114501427885,0.04442810948697164,10
Volleyball,18-44,3257,14500.0,1986.0518005890706,0.13714138590456532,14500.0,True,passes conservative screen,28.0,2.7144999125045035,0.09685885727408793,10
Volleyball,45+,657,3200.0,694.7004315327666,0.21831924528198376,3200.0,True,passes conservative screen,6.2,1.0600134889634103,0.17213825304234423,10
Snow sports,0-17,4558,,7244.718963274661,0.36574054982040594,,False,"CV bound outside [0, 0.33]",,3.2968526491665,0.10377659440047664,10
Snow sports,18-44,6040,30400.0,7978.461611564319,0.26285727126386477,30400.0,True,passes conservative screen,48.7,3.703691064192739,0.07608234609388094,10
Snow sports,45+,2119,,4861.973833706207,0.3988324542564179,,False,"CV bound outside [0, 0.33]",,2.412389054230105,0.12338817196858311,10
Hockey,0-17,8215,21300.0,5310.749046629656,0.24901923641274637,21300.0,True,passes conservative screen,55.3,4.067355394767529,0.07360682936211073,10
Hockey,18-44,3308,14000.0,3274.031387795326,0.23336399824684775,14000.0,True,passes conservative screen,36.4,3.419314039693678,0.09406301168814325,10
Hockey,45+,735,3200.0,879.2328729545885,0.2715000887034666,3200.0,True,passes conservative screen,8.4,1.3911292211286064,0.1657915545488233,10
Fishing,0-17,3556,17500.0,3315.01270345819,0.1897686529233054,17500.0,True,passes conservative screen,27.5,2.2276408362549938,0.08106693113798949,10
Fishing,18-44,3702,21200.0,3399.702951586803,0.16067257546856334,21200.0,True,passes conservative screen,33.3,1.7321541135568612,0.0520411154621105,10
Fishing,45+,4325,24900.0,3737.791810582462,0.1498525501711515,24900.0,True,passes conservative screen,39.2,2.021181087233636,0.05151260823801837,10
