Activity,Cluster_Region,Source_Year,n,estimate,cv_approx,annual_pass
Basketball,Head/neck,2016,3221,101700.0,0.0967206145159431,True
Basketball,Upper limb,2016,4495,144500.0,0.0960028951227837,True
Basketball,Trunk/spine,2016,988,31300.0,0.111677476362593,True
Basketball,Lower limb,2016,5898,199600.0,0.08981705436610896,True
Basketball,Other/systemic,2016,116,4200.0,0.20244633470997273,True
Exercise/fitness,Head/neck,2016,1155,44700.0,0.1475812153490627,True
Exercise/fitness,Upper limb,2016,1482,58000.0,0.11819006599843228,True
Exercise/fitness,Trunk/spine,2016,2647,108500.0,0.16069528392682797,True
Exercise/fitness,Lower limb,2016,3537,146900.0,0.12223819855262465,True
Exercise/fitness,Other/systemic,2016,549,26500.0,0.19447522603931128,True
Football,Head/neck,2016,2888,84000.0,0.10916291790013818,True
Football,Upper limb,2016,4742,154400.0,0.10346907514760342,True
Football,Trunk/spine,2016,913,31700.0,0.10364193560323619,True
Football,Lower limb,2016,3146,99700.0,0.10416355382936708,True
Football,Other/systemic,2016,120,4800.0,0.18126462088186757,True
Soccer,Head/neck,2016,1758,51200.0,0.153916888884028,True
Soccer,Upper limb,2016,2075,57700.0,0.1739688070965474,True
Soccer,Trunk/spine,2016,538,16800.0,0.25267972155790414,True
Soccer,Lower limb,2016,3221,97700.0,0.15784920819343762,True
Soccer,Other/systemic,2016,53,2300.0,0.2212639322802309,True
Swimming/diving,Head/neck,2016,2442,111600.0,0.2034606570105985,True
Swimming/diving,Upper limb,2016,486,21700.0,0.15606838890927643,True
Swimming/diving,Trunk/spine,2016,455,21800.0,0.19069379446355342,True
Swimming/diving,Lower limb,2016,867,38900.0,0.1571783918288178,True
Swimming/diving,Other/systemic,2016,500,17200.0,0.25888663019331765,True
Baseball/softball,Head/neck,2016,2114,74300.0,0.10238900050392866,True
Baseball/softball,Upper limb,2016,1519,64100.0,0.12219147709034409,True
Baseball/softball,Trunk/spine,2016,326,12900.0,0.14841048485573324,True
Baseball/softball,Lower limb,2016,1295,54300.0,0.09992196466097603,True
Baseball/softball,Other/systemic,2016,66,3200.0,0.28855715819397304,True
Weight training,Head/neck,2016,326,11900.0,0.12502999506373402,True
Weight training,Upper limb,2016,916,38800.0,0.10728856447484725,True
Weight training,Trunk/spine,2016,948,41000.0,0.12473294172211251,True
Weight training,Lower limb,2016,521,19500.0,0.10589207666193791,True
Weight training,Other/systemic,2016,56,,0.3460158795867866,False
Other sport/recreation,Head/neck,2016,658,20700.0,0.13865160033138846,True
Other sport/recreation,Upper limb,2016,800,28500.0,0.1419016510017556,True
Other sport/recreation,Trunk/spine,2016,285,9700.0,0.12956134141455664,True
Other sport/recreation,Lower limb,2016,1028,34000.0,0.1341908879839249,True
Other sport/recreation,Other/systemic,2016,82,2800.0,0.3230981379916415,True
Combat sports,Head/neck,2016,529,18300.0,0.13125948648188082,True
Combat sports,Upper limb,2016,905,35700.0,0.10782264534984308,True
Combat sports,Trunk/spine,2016,254,10300.0,0.1380371004504466,True
Combat sports,Lower limb,2016,542,21700.0,0.10847334050051877,True
Combat sports,Other/systemic,2016,11,,0.44158048724254867,False
Other ball sports,Head/neck,2016,654,19300.0,0.11165303627677314,True
Other ball sports,Upper limb,2016,765,27500.0,0.12251281440083124,True
Other ball sports,Trunk/spine,2016,132,5600.0,0.15531211298891606,True
Other ball sports,Lower limb,2016,560,19300.0,0.13252619050871814,True
Other ball sports,Other/systemic,2016,45,1400.0,0.22495511743297555,True
Gymnastics/cheerleading,Head/neck,2016,540,16100.0,0.11551707638947617,True
Gymnastics/cheerleading,Upper limb,2016,802,25300.0,0.14737342388619742,True
Gymnastics/cheerleading,Trunk/spine,2016,198,6600.0,0.12642761013219259,True
Gymnastics/cheerleading,Lower limb,2016,688,21900.0,0.1416291951633322,True
Gymnastics/cheerleading,Other/systemic,2016,25,,0.3951942181161999,False
Volleyball,Head/neck,2016,278,8700.0,0.12857782463704015,True
Volleyball,Upper limb,2016,536,21800.0,0.1398642669489796,True
Volleyball,Trunk/spine,2016,102,4000.0,0.18558321917620998,True
Volleyball,Lower limb,2016,676,25200.0,0.11758987456546593,True
Volleyball,Other/systemic,2016,17,,0.4153904445276997,False
Snow sports,Head/neck,2016,269,10900.0,0.24041155033699219,True
Snow sports,Upper limb,2016,414,,0.3481201152923249,False
Snow sports,Trunk/spine,2016,136,5900.0,0.23944412587831668,True
Snow sports,Lower limb,2016,274,9400.0,0.2862962355511776,True
Snow sports,Other/systemic,2016,1,,1.0000000000000002,False
Hockey,Head/neck,2016,577,17700.0,0.26193682237250837,True
Hockey,Upper limb,2016,465,14000.0,0.29456779652080123,True
Hockey,Trunk/spine,2016,117,4300.0,0.29521881796090077,True
Hockey,Lower limb,2016,241,7700.0,0.19553705092237494,True
Hockey,Other/systemic,2016,8,,0.5317741591523913,False
Fishing,Head/neck,2016,182,9000.0,0.16719337837296977,True
Fishing,Upper limb,2016,673,39200.0,0.17894409675041326,True
Fishing,Trunk/spine,2016,82,4900.0,0.20029320094536324,True
Fishing,Lower limb,2016,276,15700.0,0.2143524743160416,True
Fishing,Other/systemic,2016,29,,0.39372194756133816,False
Basketball,Head/neck,2017,3222,98600.0,0.08108486481938623,True
Basketball,Upper limb,2017,4696,146800.0,0.08453334195689614,True
Basketball,Trunk/spine,2017,1044,34900.0,0.09780605515573106,True
Basketball,Lower limb,2017,6566,213300.0,0.08338399754130027,True
Basketball,Other/systemic,2017,142,4600.0,0.21458164688774675,True
Exercise/fitness,Head/neck,2017,1259,48600.0,0.1240047157101869,True
Exercise/fitness,Upper limb,2017,1517,59400.0,0.08848982155429252,True
Exercise/fitness,Trunk/spine,2017,2849,120900.0,0.12758524777154578,True
Exercise/fitness,Lower limb,2017,3766,153800.0,0.09636652896262192,True
Exercise/fitness,Other/systemic,2017,661,31800.0,0.17153370716039462,True
Football,Head/neck,2017,2644,75300.0,0.0895512249652805,True
Football,Upper limb,2017,4271,135100.0,0.0837978635664332,True
Football,Trunk/spine,2017,895,30400.0,0.09298114196789144,True
Football,Lower limb,2017,2966,94900.0,0.08752637076206161,True
Football,Other/systemic,2017,109,3700.0,0.244479732057953,True
Soccer,Head/neck,2017,1651,45200.0,0.15417301729704377,True
Soccer,Upper limb,2017,2034,54500.0,0.15466334627474973,True
Soccer,Trunk/spine,2017,575,18300.0,0.18638678539084713,True
Soccer,Lower limb,2017,3183,97400.0,0.12895517696647937,True
Soccer,Other/systemic,2017,67,2300.0,0.19092633851824498,True
Swimming/diving,Head/neck,2017,2726,103900.0,0.20137411787181397,True
Swimming/diving,Upper limb,2017,457,19100.0,0.14838134741455725,True
Swimming/diving,Trunk/spine,2017,502,20800.0,0.17768106603383252,True
Swimming/diving,Lower limb,2017,847,33300.0,0.15517714919259573,True
Swimming/diving,Other/systemic,2017,689,21100.0,0.24391503799853148,True
Baseball/softball,Head/neck,2017,2017,68400.0,0.10257910972578753,True
Baseball/softball,Upper limb,2017,1409,53400.0,0.10410974071865602,True
Baseball/softball,Trunk/spine,2017,339,13300.0,0.15026871217204646,True
Baseball/softball,Lower limb,2017,1244,48700.0,0.11113200471981624,True
Baseball/softball,Other/systemic,2017,66,2800.0,0.21511062967085245,True
Weight training,Head/neck,2017,318,12300.0,0.1165793587162447,True
Weight training,Upper limb,2017,882,34400.0,0.0861198597314558,True
Weight training,Trunk/spine,2017,958,39800.0,0.10780536442552473,True
Weight training,Lower limb,2017,498,18400.0,0.09208779424651589,True
Weight training,Other/systemic,2017,54,2300.0,0.2664664075232148,True
Other sport/recreation,Head/neck,2017,753,21800.0,0.09846816934739241,True
Other sport/recreation,Upper limb,2017,927,29000.0,0.11402468126027307,True
Other sport/recreation,Trunk/spine,2017,315,11000.0,0.13398330346470627,True
Other sport/recreation,Lower limb,2017,1191,36400.0,0.12249298536722829,True
Other sport/recreation,Other/systemic,2017,90,3600.0,0.27183413213952684,True
Combat sports,Head/neck,2017,557,19200.0,0.09688497129443975,True
Combat sports,Upper limb,2017,951,35100.0,0.08694397182296522,True
Combat sports,Trunk/spine,2017,257,9900.0,0.13696996948592127,True
Combat sports,Lower limb,2017,578,19500.0,0.13689480143752047,True
Combat sports,Other/systemic,2017,26,,0.32885458432146814,False
Other ball sports,Head/neck,2017,690,20200.0,0.1118391598378798,True
Other ball sports,Upper limb,2017,793,26300.0,0.10694001439044268,True
Other ball sports,Trunk/spine,2017,162,6000.0,0.15969546754829617,True
Other ball sports,Lower limb,2017,560,18500.0,0.11866936590424886,True
Other ball sports,Other/systemic,2017,58,1200.0,0.3132130128287034,True
Gymnastics/cheerleading,Head/neck,2017,533,17300.0,0.13165199853457174,True
Gymnastics/cheerleading,Upper limb,2017,843,25000.0,0.14536864515181608,True
Gymnastics/cheerleading,Trunk/spine,2017,231,7800.0,0.14170002345633623,True
Gymnastics/cheerleading,Lower limb,2017,733,23600.0,0.1289592825865958,True
Gymnastics/cheerleading,Other/systemic,2017,22,,0.35063452835499787,False
Volleyball,Head/neck,2017,286,8400.0,0.11964945131502852,True
Volleyball,Upper limb,2017,479,16100.0,0.1131787360707636,True
Volleyball,Trunk/spine,2017,120,3900.0,0.16901935648281652,True
Volleyball,Lower limb,2017,610,22000.0,0.10599480020331652,True
Volleyball,Other/systemic,2017,22,,0.34530694974095244,False
Snow sports,Head/neck,2017,255,,0.34670383051325665,False
Snow sports,Upper limb,2017,404,,0.37207790114571343,False
Snow sports,Trunk/spine,2017,164,7000.0,0.315363329951714,True
Snow sports,Lower limb,2017,272,12100.0,0.32639708370687787,True
Snow sports,Other/systemic,2017,4,,0.7147338336325986,False
Hockey,Head/neck,2017,562,16400.0,0.2341933547384873,True
Hockey,Upper limb,2017,442,14300.0,0.32201994877780554,True
Hockey,Trunk/spine,2017,134,4200.0,0.24597592009395913,True
Hockey,Lower limb,2017,268,9000.0,0.26336073296764356,True
Hockey,Other/systemic,2017,5,,0.5854770039819569,False
Fishing,Head/neck,2017,170,9200.0,0.15432125713051104,True
Fishing,Upper limb,2017,704,40100.0,0.13971966368177993,True
Fishing,Trunk/spine,2017,104,5400.0,0.15482779359695634,True
Fishing,Lower limb,2017,248,14000.0,0.20998868649451144,True
Fishing,Other/systemic,2017,25,1700.0,0.31268282592837054,True
Basketball,Head/neck,2018,2904,88900.0,0.0939104754121273,True
Basketball,Upper limb,2018,3967,124000.0,0.1000508657380322,True
Basketball,Trunk/spine,2018,908,29800.0,0.11946953333618764,True
Basketball,Lower limb,2018,5615,186600.0,0.09347057829621515,True
Basketball,Other/systemic,2018,109,3800.0,0.16333854887545948,True
Exercise/fitness,Head/neck,2018,1220,47900.0,0.13057095973617444,True
Exercise/fitness,Upper limb,2018,1390,57500.0,0.09995373649632015,True
Exercise/fitness,Trunk/spine,2018,2690,119500.0,0.1581883385608061,True
Exercise/fitness,Lower limb,2018,3320,141400.0,0.0994582739403313,True
Exercise/fitness,Other/systemic,2018,582,27500.0,0.20692747500115688,True
Football,Head/neck,2018,2249,69600.0,0.12007157988805141,True
Football,Upper limb,2018,3525,114400.0,0.10677343010602894,True
Football,Trunk/spine,2018,768,25400.0,0.11428656166034584,True
Football,Lower limb,2018,2523,82300.0,0.11301921953060808,True
Football,Other/systemic,2018,89,4000.0,0.25133890863643765,True
Soccer,Head/neck,2018,1444,42300.0,0.13373335884609505,True
Soccer,Upper limb,2018,1856,51600.0,0.17062855073469554,True
Soccer,Trunk/spine,2018,569,17100.0,0.12621677439920806,True
Soccer,Lower limb,2018,2818,84600.0,0.1436386711881528,True
Soccer,Other/systemic,2018,67,2800.0,0.26266808416979315,True
Swimming/diving,Head/neck,2018,2822,105700.0,0.20563885574002275,True
Swimming/diving,Upper limb,2018,423,18100.0,0.15776921671995478,True
Swimming/diving,Trunk/spine,2018,484,19500.0,0.16792153393720147,True
Swimming/diving,Lower limb,2018,801,32700.0,0.16372629497629584,True
Swimming/diving,Other/systemic,2018,525,17300.0,0.27843773004619876,True
Baseball/softball,Head/neck,2018,1808,61800.0,0.11248219986353132,True
Baseball/softball,Upper limb,2018,1295,49800.0,0.10548719686762145,True
Baseball/softball,Trunk/spine,2018,319,12000.0,0.14570485130901942,True
Baseball/softball,Lower limb,2018,1115,42300.0,0.10876748110761077,True
Baseball/softball,Other/systemic,2018,47,2000.0,0.32241268531568096,True
Weight training,Head/neck,2018,300,11700.0,0.10683786404118359,True
Weight training,Upper limb,2018,795,31700.0,0.08670068405870436,True
Weight training,Trunk/spine,2018,886,37100.0,0.11020661343838821,True
Weight training,Lower limb,2018,460,17200.0,0.1257461896211087,True
Weight training,Other/systemic,2018,52,2900.0,0.31184267203014787,True
Other sport/recreation,Head/neck,2018,666,17800.0,0.16369262034001686,True
Other sport/recreation,Upper limb,2018,923,29200.0,0.16749785858698626,True
Other sport/recreation,Trunk/spine,2018,303,9400.0,0.16849167368124743,True
Other sport/recreation,Lower limb,2018,1222,37000.0,0.19044242475955367,True
Other sport/recreation,Other/systemic,2018,72,2800.0,0.2898977061083596,True
Combat sports,Head/neck,2018,561,18100.0,0.1244069608566801,True
Combat sports,Upper limb,2018,847,30900.0,0.0965939473202574,True
Combat sports,Trunk/spine,2018,239,9000.0,0.12141672685616084,True
Combat sports,Lower limb,2018,519,19400.0,0.13697924347701954,True
Combat sports,Other/systemic,2018,17,,0.38007151650388254,False
Other ball sports,Head/neck,2018,590,18600.0,0.14141544859537042,True
Other ball sports,Upper limb,2018,748,26500.0,0.14130263253525677,True
Other ball sports,Trunk/spine,2018,162,6500.0,0.26804381201748495,True
Other ball sports,Lower limb,2018,553,20100.0,0.11424840752829786,True
Other ball sports,Other/systemic,2018,32,,0.344021855664593,False
Gymnastics/cheerleading,Head/neck,2018,504,15400.0,0.14782340942535083,True
Gymnastics/cheerleading,Upper limb,2018,729,20900.0,0.14862963040602736,True
Gymnastics/cheerleading,Trunk/spine,2018,190,5500.0,0.15877327646979875,True
Gymnastics/cheerleading,Lower limb,2018,703,22500.0,0.14851898763560908,True
Gymnastics/cheerleading,Other/systemic,2018,17,,0.47480533695001914,False
Volleyball,Head/neck,2018,269,8600.0,0.1380637347447088,True
Volleyball,Upper limb,2018,447,16900.0,0.11358570813737486,True
Volleyball,Trunk/spine,2018,129,4900.0,0.17135201596812083,True
Volleyball,Lower limb,2018,596,23600.0,0.1143194303855926,True
Volleyball,Other/systemic,2018,10,,0.554419794594706,False
Snow sports,Head/neck,2018,253,11000.0,0.3151883040417188,True
Snow sports,Upper limb,2018,422,19200.0,0.3257104590064374,True
Snow sports,Trunk/spine,2018,130,6300.0,0.30281007060705606,True
Snow sports,Lower limb,2018,307,,0.38678993858649946,False
Snow sports,Other/systemic,2018,2,,0.7945843294419719,False
Hockey,Head/neck,2018,544,16100.0,0.23835666036667214,True
Hockey,Upper limb,2018,436,12200.0,0.26131086608018844,True
Hockey,Trunk/spine,2018,113,3900.0,0.2719817452896206,True
Hockey,Lower limb,2018,211,7100.0,0.24608718404480795,True
Hockey,Other/systemic,2018,9,,0.39529497273454106,False
Fishing,Head/neck,2018,147,7400.0,0.17288654584424687,True
Fishing,Upper limb,2018,605,33800.0,0.16699519139587904,True
Fishing,Trunk/spine,2018,80,4200.0,0.19561242568723758,True
Fishing,Lower limb,2018,232,13300.0,0.23415501719782636,True
Fishing,Other/systemic,2018,30,,0.3361200988360842,False
Basketball,Head/neck,2019,2581,79600.0,0.08983033341814686,True
Basketball,Upper limb,2019,3800,116900.0,0.10079049055439779,True
Basketball,Trunk/spine,2019,909,28700.0,0.09175730560297499,True
Basketball,Lower limb,2019,5394,173000.0,0.09402730583453507,True
Basketball,Other/systemic,2019,103,3400.0,0.20371915299105614,True
Exercise/fitness,Head/neck,2019,1200,48100.0,0.12737787952009946,True
Exercise/fitness,Upper limb,2019,1374,53000.0,0.09943276488615274,True
Exercise/fitness,Trunk/spine,2019,2543,106800.0,0.14913797743479368,True
Exercise/fitness,Lower limb,2019,3122,132900.0,0.09559728725301395,True
Exercise/fitness,Other/systemic,2019,558,24900.0,0.2037664362450587,True
Football,Head/neck,2019,2214,64700.0,0.1088745605147507,True
Football,Upper limb,2019,3737,117300.0,0.1259836060335927,True
Football,Trunk/spine,2019,796,26200.0,0.12462198201172184,True
Football,Lower limb,2019,2559,78200.0,0.11293512795135444,True
Football,Other/systemic,2019,114,4400.0,0.17181392611074928,True
Soccer,Head/neck,2019,1369,37300.0,0.14251731330494366,True
Soccer,Upper limb,2019,1800,46000.0,0.1697046787081832,True
Soccer,Trunk/spine,2019,546,16600.0,0.15402497761693928,True
Soccer,Lower limb,2019,2772,85400.0,0.1518244719110217,True
Soccer,Other/systemic,2019,59,2100.0,0.26982578988526823,True
Swimming/diving,Head/neck,2019,2648,98300.0,0.24754961259727495,True
Swimming/diving,Upper limb,2019,453,18600.0,0.14720760795020008,True
Swimming/diving,Trunk/spine,2019,451,19000.0,0.15974585998871177,True
Swimming/diving,Lower limb,2019,893,36100.0,0.21642523585552345,True
Swimming/diving,Other/systemic,2019,513,16700.0,0.3081965203964216,True
Baseball/softball,Head/neck,2019,1719,57000.0,0.10647030167612204,True
Baseball/softball,Upper limb,2019,1217,46200.0,0.11831088870178319,True
Baseball/softball,Trunk/spine,2019,288,10500.0,0.15631689879549784,True
Baseball/softball,Lower limb,2019,1008,39500.0,0.11405878003955146,True
Baseball/softball,Other/systemic,2019,55,2600.0,0.27813288458407315,True
Weight training,Head/neck,2019,287,11000.0,0.11272621420061579,True
Weight training,Upper limb,2019,780,30500.0,0.11431074740683297,True
Weight training,Trunk/spine,2019,860,35200.0,0.11498035941193675,True
Weight training,Lower limb,2019,461,17900.0,0.09938440105851175,True
Weight training,Other/systemic,2019,45,2000.0,0.24768299981472622,True
Other sport/recreation,Head/neck,2019,665,18200.0,0.14761816202601485,True
Other sport/recreation,Upper limb,2019,825,27700.0,0.14954987540833878,True
Other sport/recreation,Trunk/spine,2019,256,8900.0,0.15174328370101636,True
Other sport/recreation,Lower limb,2019,1102,36200.0,0.1695072613198301,True
Other sport/recreation,Other/systemic,2019,76,,0.3333848263001224,False
Combat sports,Head/neck,2019,536,16700.0,0.1218102455343709,True
Combat sports,Upper limb,2019,890,31100.0,0.10567534992059759,True
Combat sports,Trunk/spine,2019,262,10600.0,0.095617349912129,True
Combat sports,Lower limb,2019,542,18300.0,0.11833541994205084,True
Combat sports,Other/systemic,2019,22,,0.2963612365351003,False
Other ball sports,Head/neck,2019,601,18200.0,0.1424589173902157,True
Other ball sports,Upper limb,2019,678,23300.0,0.1636812569585817,True
Other ball sports,Trunk/spine,2019,166,7500.0,0.2631657111442409,True
Other ball sports,Lower limb,2019,565,21900.0,0.1460040412072656,True
Other ball sports,Other/systemic,2019,36,1600.0,0.3291282045231785,True
Gymnastics/cheerleading,Head/neck,2019,533,16100.0,0.18154525290907367,True
Gymnastics/cheerleading,Upper limb,2019,721,20000.0,0.1593942722047845,True
Gymnastics/cheerleading,Trunk/spine,2019,193,5700.0,0.19775236560816453,True
Gymnastics/cheerleading,Lower limb,2019,680,19300.0,0.16155755720237694,True
Gymnastics/cheerleading,Other/systemic,2019,19,,0.31916639526685603,False
Volleyball,Head/neck,2019,275,8500.0,0.14870890081806737,True
Volleyball,Upper limb,2019,470,16500.0,0.15292352172085802,True
Volleyball,Trunk/spine,2019,121,4100.0,0.14463172573274902,True
Volleyball,Lower limb,2019,574,21100.0,0.12045036509601847,True
Volleyball,Other/systemic,2019,16,,0.44034283307947786,False
Snow sports,Head/neck,2019,243,,0.3473665413200936,False
Snow sports,Upper limb,2019,422,,0.3855883063294321,False
Snow sports,Trunk/spine,2019,151,,0.35854335664146236,False
Snow sports,Lower limb,2019,273,12100.0,0.3150421786878384,True
Snow sports,Other/systemic,2019,6,,0.4808128185361039,False
Hockey,Head/neck,2019,513,15200.0,0.20667192879008103,True
Hockey,Upper limb,2019,371,10600.0,0.24240939861688096,True
Hockey,Trunk/spine,2019,112,3300.0,0.25591613444592787,True
Hockey,Lower limb,2019,225,7200.0,0.24041445036469358,True
Hockey,Other/systemic,2019,5,,0.9347840807383822,False
Fishing,Head/neck,2019,172,10000.0,0.14650904736324677,True
Fishing,Upper limb,2019,573,33200.0,0.15352066457607275,True
Fishing,Trunk/spine,2019,78,4500.0,0.19781507290163008,True
Fishing,Lower limb,2019,212,12400.0,0.2665567802369795,True
Fishing,Other/systemic,2019,32,1600.0,0.30230502269325055,True
Basketball,Head/neck,2020,1473,43300.0,0.09054188028946834,True
Basketball,Upper limb,2020,2073,58500.0,0.10618137539814783,True
Basketball,Trunk/spine,2020,529,16500.0,0.09726882769267493,True
Basketball,Lower limb,2020,2964,93100.0,0.10104221458864959,True
Basketball,Other/systemic,2020,67,2200.0,0.2103094995652396,True
Exercise/fitness,Head/neck,2020,1116,43000.0,0.1339365367912724,True
Exercise/fitness,Upper limb,2020,1276,46700.0,0.09173044798606092,True
Exercise/fitness,Trunk/spine,2020,2330,94300.0,0.14407734688492202,True
Exercise/fitness,Lower limb,2020,2715,102900.0,0.0949109765950311,True
Exercise/fitness,Other/systemic,2020,542,22300.0,0.1969960512043342,True
Football,Head/neck,2020,800,20600.0,0.1537456571933133,True
Football,Upper limb,2020,1900,52400.0,0.13385103667561504,True
Football,Trunk/spine,2020,334,9800.0,0.16139349338041478,True
Football,Lower limb,2020,1264,36500.0,0.15484465114582419,True
Football,Other/systemic,2020,59,2300.0,0.2763438080678891,True
Soccer,Head/neck,2020,582,15200.0,0.16594068777476798,True
Soccer,Upper limb,2020,908,21800.0,0.1959170414433264,True
Soccer,Trunk/spine,2020,255,6300.0,0.22107523647157976,True
Soccer,Lower limb,2020,1398,37400.0,0.1783954330243175,True
Soccer,Other/systemic,2020,28,,0.26884083245811635,False
Swimming/diving,Head/neck,2020,2021,68300.0,0.3193478704830121,True
Swimming/diving,Upper limb,2020,324,12400.0,0.1733595193215939,True
Swimming/diving,Trunk/spine,2020,334,13900.0,0.2375991091491399,True
Swimming/diving,Lower limb,2020,639,21900.0,0.18490944080560323,True
Swimming/diving,Other/systemic,2020,394,11900.0,0.31742556596208893,True
Baseball/softball,Head/neck,2020,892,25000.0,0.11415249572014587,True
Baseball/softball,Upper limb,2020,593,20300.0,0.13892612418261213,True
Baseball/softball,Trunk/spine,2020,158,6000.0,0.19424998303295957,True
Baseball/softball,Lower limb,2020,437,16500.0,0.14575150595047467,True
Baseball/softball,Other/systemic,2020,42,1800.0,0.3001811545180472,True
Weight training,Head/neck,2020,246,8500.0,0.14667678178773347,True
Weight training,Upper limb,2020,571,21900.0,0.10927378743388616,True
Weight training,Trunk/spine,2020,564,21500.0,0.11816735046011077,True
Weight training,Lower limb,2020,323,11300.0,0.1586402394632625,True
Weight training,Other/systemic,2020,38,1400.0,0.24583527268244817,True
Other sport/recreation,Head/neck,2020,250,7100.0,0.17132276428861054,True
Other sport/recreation,Upper limb,2020,387,11900.0,0.1727097023054586,True
Other sport/recreation,Trunk/spine,2020,126,4200.0,0.19882393281558605,True
Other sport/recreation,Lower limb,2020,386,11300.0,0.19713893947779196,True
Other sport/recreation,Other/systemic,2020,30,,0.24080720381633453,False
Combat sports,Head/neck,2020,343,11100.0,0.1367955700091446,True
Combat sports,Upper limb,2020,554,19300.0,0.11793515724163371,True
Combat sports,Trunk/spine,2020,174,6500.0,0.15084252611231821,True
Combat sports,Lower limb,2020,307,10600.0,0.1473241582868716,True
Combat sports,Other/systemic,2020,21,,0.37517570532673483,False
Other ball sports,Head/neck,2020,383,10400.0,0.1664522218723598,True
Other ball sports,Upper limb,2020,344,10700.0,0.1789416350546867,True
Other ball sports,Trunk/spine,2020,100,,0.3667046583415882,False
Other ball sports,Lower limb,2020,302,10100.0,0.21250145337681484,True
Other ball sports,Other/systemic,2020,46,,0.3408978678330851,False
Gymnastics/cheerleading,Head/neck,2020,258,6900.0,0.17467338257795062,True
Gymnastics/cheerleading,Upper limb,2020,452,11100.0,0.15631965776813972,True
Gymnastics/cheerleading,Trunk/spine,2020,113,2500.0,0.15564319520559225,True
Gymnastics/cheerleading,Lower limb,2020,310,7200.0,0.16585782161161858,True
Gymnastics/cheerleading,Other/systemic,2020,11,,0.4529443035020848,False
Volleyball,Head/neck,2020,124,3600.0,0.17341938424977596,True
Volleyball,Upper limb,2020,217,7900.0,0.13485409165962994,True
Volleyball,Trunk/spine,2020,52,1800.0,0.2009930924307558,True
Volleyball,Lower limb,2020,300,9800.0,0.13941399164646628,True
Volleyball,Other/systemic,2020,15,,0.43219686235177984,False
Snow sports,Head/neck,2020,247,10900.0,0.2556512917260925,True
Snow sports,Upper limb,2020,379,17600.0,0.31796353153964013,True
Snow sports,Trunk/spine,2020,128,5800.0,0.25370665633216294,True
Snow sports,Lower limb,2020,266,11700.0,0.31811167682048935,True
Snow sports,Other/systemic,2020,8,,0.5357607146669278,False
Hockey,Head/neck,2020,256,7300.0,0.1931580269892845,True
Hockey,Upper limb,2020,229,6400.0,0.2819768243750301,True
Hockey,Trunk/spine,2020,60,,0.3662891409714106,False
Hockey,Lower limb,2020,120,3400.0,0.220767370290378,True
Hockey,Other/systemic,2020,6,,0.5719858240006864,False
Fishing,Head/neck,2020,177,8300.0,0.14318209163432333,True
Fishing,Upper limb,2020,697,38000.0,0.18563619786173538,True
Fishing,Trunk/spine,2020,76,3700.0,0.188637754399668,True
Fishing,Lower limb,2020,266,13700.0,0.2321427681925541,True
Fishing,Other/systemic,2020,30,,0.254699892302491,False
Basketball,Head/neck,2021,1568,45600.0,0.10207475930443236,True
Basketball,Upper limb,2021,2544,72300.0,0.11212708420729374,True
Basketball,Trunk/spine,2021,576,16900.0,0.12173204154497004,True
Basketball,Lower limb,2021,3939,120000.0,0.09894302782235935,True
Basketball,Other/systemic,2021,98,3100.0,0.15898093082692355,True
Exercise/fitness,Head/neck,2021,1227,43900.0,0.12053596006996235,True
Exercise/fitness,Upper limb,2021,1302,47500.0,0.1111753785147022,True
Exercise/fitness,Trunk/spine,2021,2369,94100.0,0.13862457322380903,True
Exercise/fitness,Lower limb,2021,2840,108600.0,0.10325033127995602,True
Exercise/fitness,Other/systemic,2021,610,24800.0,0.1945276519867062,True
Football,Head/neck,2021,1568,44700.0,0.11734195053365601,True
Football,Upper limb,2021,3338,91500.0,0.123525666801204,True
Football,Trunk/spine,2021,636,18100.0,0.12854966451767613,True
Football,Lower limb,2021,2298,63300.0,0.12763136746721715,True
Football,Other/systemic,2021,86,3200.0,0.20688696321323444,True
Soccer,Head/neck,2021,1130,28900.0,0.13136521088307107,True
Soccer,Upper limb,2021,1627,40400.0,0.16540490920782552,True
Soccer,Trunk/spine,2021,425,10500.0,0.14129471619620787,True
Soccer,Lower limb,2021,2345,63000.0,0.1342136734006386,True
Soccer,Other/systemic,2021,57,1500.0,0.24173445362267884,True
Swimming/diving,Head/neck,2021,2452,84200.0,0.3126243391972385,True
Swimming/diving,Upper limb,2021,330,12200.0,0.17034348803732632,True
Swimming/diving,Trunk/spine,2021,345,13600.0,0.17365387305259294,True
Swimming/diving,Lower limb,2021,745,27000.0,0.18306253633623246,True
Swimming/diving,Other/systemic,2021,518,16400.0,0.2793123517297905,True
Baseball/softball,Head/neck,2021,1511,43700.0,0.12591316288218835,True
Baseball/softball,Upper limb,2021,1036,33800.0,0.1329586587191073,True
Baseball/softball,Trunk/spine,2021,229,6800.0,0.16898939505847377,True
Baseball/softball,Lower limb,2021,831,28600.0,0.12186362116567225,True
Baseball/softball,Other/systemic,2021,62,2600.0,0.22126591739595428,True
Weight training,Head/neck,2021,280,10700.0,0.1260556365151638,True
Weight training,Upper limb,2021,698,25000.0,0.09730690951428028,True
Weight training,Trunk/spine,2021,839,32400.0,0.11252835716605379,True
Weight training,Lower limb,2021,484,16000.0,0.11382429170017765,True
Weight training,Other/systemic,2021,42,1500.0,0.21904422558348677,True
Other sport/recreation,Head/neck,2021,399,11600.0,0.1671786310462225,True
Other sport/recreation,Upper limb,2021,591,18000.0,0.14363688042570805,True
Other sport/recreation,Trunk/spine,2021,162,4800.0,0.254537000656416,True
Other sport/recreation,Lower limb,2021,749,21100.0,0.1590455485638787,True
Other sport/recreation,Other/systemic,2021,50,,0.4243725770088113,False
Combat sports,Head/neck,2021,411,13600.0,0.12382256343709028,True
Combat sports,Upper limb,2021,734,24700.0,0.13321359478348943,True
Combat sports,Trunk/spine,2021,243,8600.0,0.13255910239736318,True
Combat sports,Lower limb,2021,476,15900.0,0.15403808930992982,True
Combat sports,Other/systemic,2021,17,,0.3431241353353338,False
Other ball sports,Head/neck,2021,466,13400.0,0.1642975194533035,True
Other ball sports,Upper limb,2021,614,18700.0,0.1717788417096342,True
Other ball sports,Trunk/spine,2021,162,,0.3802822709353545,False
Other ball sports,Lower limb,2021,509,17000.0,0.15746244410121227,True
Other ball sports,Other/systemic,2021,69,1800.0,0.20315320776361825,True
Gymnastics/cheerleading,Head/neck,2021,383,9700.0,0.16911250912158135,True
Gymnastics/cheerleading,Upper limb,2021,615,16500.0,0.18162480443779253,True
Gymnastics/cheerleading,Trunk/spine,2021,148,4400.0,0.17326248343274814,True
Gymnastics/cheerleading,Lower limb,2021,433,11300.0,0.18121765823891467,True
Gymnastics/cheerleading,Other/systemic,2021,23,,0.31375206655398674,False
Volleyball,Head/neck,2021,177,5500.0,0.19295149329560324,True
Volleyball,Upper limb,2021,393,12700.0,0.15323245798519153,True
Volleyball,Trunk/spine,2021,85,2800.0,0.17425613552748406,True
Volleyball,Lower limb,2021,526,17100.0,0.1396113894332569,True
Volleyball,Other/systemic,2021,7,,0.5354831262008108,False
Snow sports,Head/neck,2021,294,13600.0,0.3132852628869025,True
Snow sports,Upper limb,2021,517,22700.0,0.28145010831412076,True
Snow sports,Trunk/spine,2021,171,7900.0,0.30835595316868114,True
Snow sports,Lower limb,2021,349,16700.0,0.3293766817495044,True
Snow sports,Other/systemic,2021,4,,0.5237750399863722,False
Hockey,Head/neck,2021,417,11200.0,0.21385099913361547,True
Hockey,Upper limb,2021,426,11900.0,0.22460507463319437,True
Hockey,Trunk/spine,2021,118,3800.0,0.2373824757800668,True
Hockey,Lower limb,2021,198,5600.0,0.20682773983482047,True
Hockey,Other/systemic,2021,8,,0.4482009947200269,False
Fishing,Head/neck,2021,150,7000.0,0.17700925615438792,True
Fishing,Upper limb,2021,645,33400.0,0.17826196442707273,True
Fishing,Trunk/spine,2021,79,3700.0,0.16391496258458357,True
Fishing,Lower limb,2021,231,10900.0,0.168582181213432,True
Fishing,Other/systemic,2021,29,1300.0,0.2561232003944888,True
Basketball,Head/neck,2022,1933,61800.0,0.10181688732604012,True
Basketball,Upper limb,2022,2802,88800.0,0.11813866331286156,True
Basketball,Trunk/spine,2022,651,22000.0,0.12308084508376468,True
Basketball,Lower limb,2022,4129,136300.0,0.10858544015111628,True
Basketball,Other/systemic,2022,102,3600.0,0.2047566596688141,True
Exercise/fitness,Head/neck,2022,1189,49200.0,0.14595883081586655,True
Exercise/fitness,Upper limb,2022,1236,51500.0,0.11961102974833236,True
Exercise/fitness,Trunk/spine,2022,2355,102000.0,0.15712455417073862,True
Exercise/fitness,Lower limb,2022,2662,116300.0,0.10797114204994485,True
Exercise/fitness,Other/systemic,2022,618,29900.0,0.19286638023414246,True
Football,Head/neck,2022,1874,57300.0,0.1307176588933104,True
Football,Upper limb,2022,3556,110300.0,0.13834229500067102,True
Football,Trunk/spine,2022,648,20800.0,0.1310773565169842,True
Football,Lower limb,2022,2378,73500.0,0.127240606734852,True
Football,Other/systemic,2022,76,2900.0,0.24451933395023073,True
Soccer,Head/neck,2022,1246,36300.0,0.1584020718271103,True
Soccer,Upper limb,2022,1760,47500.0,0.15134814672527905,True
Soccer,Trunk/spine,2022,526,14500.0,0.12777084773799466,True
Soccer,Lower limb,2022,2671,77900.0,0.16322925686719766,True
Soccer,Other/systemic,2022,66,2100.0,0.24373965658202087,True
Swimming/diving,Head/neck,2022,2726,106700.0,0.3209164055943601,True
Swimming/diving,Upper limb,2022,356,15900.0,0.19279579506233546,True
Swimming/diving,Trunk/spine,2022,361,15400.0,0.16621484763539543,True
Swimming/diving,Lower limb,2022,711,28500.0,0.16521479746578932,True
Swimming/diving,Other/systemic,2022,515,18500.0,0.29737645602249385,True
Baseball/softball,Head/neck,2022,1531,53200.0,0.12209220207878499,True
Baseball/softball,Upper limb,2022,1015,39200.0,0.13859879314354875,True
Baseball/softball,Trunk/spine,2022,226,8800.0,0.16082460602209375,True
Baseball/softball,Lower limb,2022,839,33000.0,0.11405549800095438,True
Baseball/softball,Other/systemic,2022,54,1800.0,0.23568978159177348,True
Weight training,Head/neck,2022,306,12200.0,0.1391657353135135,True
Weight training,Upper limb,2022,698,27800.0,0.1040038728131493,True
Weight training,Trunk/spine,2022,792,33100.0,0.12460862107992982,True
Weight training,Lower limb,2022,479,18200.0,0.1252083949595054,True
Weight training,Other/systemic,2022,39,1700.0,0.24425393700205889,True
Other sport/recreation,Head/neck,2022,539,16000.0,0.13576349168435017,True
Other sport/recreation,Upper limb,2022,723,22600.0,0.16294021673324993,True
Other sport/recreation,Trunk/spine,2022,238,8000.0,0.17712938698843522,True
Other sport/recreation,Lower limb,2022,866,28500.0,0.17373077865689282,True
Other sport/recreation,Other/systemic,2022,66,,0.34259907078019597,False
Combat sports,Head/neck,2022,568,18300.0,0.14198916595451394,True
Combat sports,Upper limb,2022,899,32800.0,0.11136951722136998,True
Combat sports,Trunk/spine,2022,258,10100.0,0.1524571173967994,True
Combat sports,Lower limb,2022,511,18600.0,0.14901237178167934,True
Combat sports,Other/systemic,2022,28,1400.0,0.22940435015116548,True
Other ball sports,Head/neck,2022,532,16200.0,0.18605820531130463,True
Other ball sports,Upper limb,2022,654,22400.0,0.14255379246562536,True
Other ball sports,Trunk/spine,2022,158,,0.35381424504320963,False
Other ball sports,Lower limb,2022,486,18200.0,0.15098625018291884,True
Other ball sports,Other/systemic,2022,85,2900.0,0.2435048879241199,True
Gymnastics/cheerleading,Head/neck,2022,406,12000.0,0.21766157596735958,True
Gymnastics/cheerleading,Upper limb,2022,600,19500.0,0.19795632583243872,True
Gymnastics/cheerleading,Trunk/spine,2022,147,4300.0,0.22874339163614515,True
Gymnastics/cheerleading,Lower limb,2022,480,15900.0,0.19179741065101372,True
Gymnastics/cheerleading,Other/systemic,2022,27,,0.4040545472669556,False
Volleyball,Head/neck,2022,270,8200.0,0.14194090050523456,True
Volleyball,Upper limb,2022,457,15700.0,0.1587586641087627,True
Volleyball,Trunk/spine,2022,109,4000.0,0.18157641125535007,True
Volleyball,Lower limb,2022,625,21400.0,0.15374301644892654,True
Volleyball,Other/systemic,2022,16,,0.3796737182186369,False
Snow sports,Head/neck,2022,344,16100.0,0.28050173868247247,True
Snow sports,Upper limb,2022,522,26800.0,0.30831520862549205,True
Snow sports,Trunk/spine,2022,179,8900.0,0.311938053903791,True
Snow sports,Lower limb,2022,336,,0.3376017845715644,False
Snow sports,Other/systemic,2022,10,,0.6423433609196935,False
Hockey,Head/neck,2022,463,13800.0,0.24829377961644106,True
Hockey,Upper limb,2022,364,12400.0,0.2652530530889704,True
Hockey,Trunk/spine,2022,120,4300.0,0.27296322561742764,True
Hockey,Lower limb,2022,207,6900.0,0.20866862354172325,True
Hockey,Other/systemic,2022,8,,0.5824342343252277,False
Fishing,Head/neck,2022,156,7900.0,0.2270479684677879,True
Fishing,Upper limb,2022,561,34100.0,0.16881339536123632,True
Fishing,Trunk/spine,2022,64,4000.0,0.18487025988463837,True
Fishing,Lower limb,2022,176,9800.0,0.23948297587189057,True
Fishing,Other/systemic,2022,22,1300.0,0.31528333665503677,True
Basketball,Head/neck,2023,2226,67500.0,0.08770028366195674,True
Basketball,Upper limb,2023,3025,95100.0,0.11021183868408457,True
Basketball,Trunk/spine,2023,679,22400.0,0.11698893082894007,True
Basketball,Lower limb,2023,4394,142800.0,0.09547027164246719,True
Basketball,Other/systemic,2023,110,3400.0,0.1872000006368024,True
Exercise/fitness,Head/neck,2023,1255,50500.0,0.1326937815753553,True
Exercise/fitness,Upper limb,2023,1315,50200.0,0.09994878335113701,True
Exercise/fitness,Trunk/spine,2023,2841,120000.0,0.15296702961514308,True
Exercise/fitness,Lower limb,2023,2762,115800.0,0.10111952309729284,True
Exercise/fitness,Other/systemic,2023,724,33800.0,0.19618162936972322,True
Football,Head/neck,2023,1976,62600.0,0.11136832019586232,True
Football,Upper limb,2023,3369,105200.0,0.11931430921293523,True
Football,Trunk/spine,2023,670,21600.0,0.12060181880090759,True
Football,Lower limb,2023,2248,68600.0,0.10234291404576713,True
Football,Other/systemic,2023,97,4100.0,0.22290147946532557,True
Soccer,Head/neck,2023,1498,41000.0,0.11810412237239118,True
Soccer,Upper limb,2023,2075,55800.0,0.16040079758717335,True
Soccer,Trunk/spine,2023,604,17500.0,0.1663624293778665,True
Soccer,Lower limb,2023,3322,95300.0,0.14095424917642108,True
Soccer,Other/systemic,2023,67,2000.0,0.22522852229490994,True
Swimming/diving,Head/neck,2023,2446,93600.0,0.30158262080367343,True
Swimming/diving,Upper limb,2023,349,14100.0,0.14709976250862866,True
Swimming/diving,Trunk/spine,2023,376,15400.0,0.2064232324422397,True
Swimming/diving,Lower limb,2023,662,25400.0,0.13716431331341003,True
Swimming/diving,Other/systemic,2023,411,15800.0,0.27905230011560606,True
Baseball/softball,Head/neck,2023,1621,56800.0,0.10063319419070502,True
Baseball/softball,Upper limb,2023,1062,40400.0,0.11899159387683685,True
Baseball/softball,Trunk/spine,2023,243,9000.0,0.1993388440909227,True
Baseball/softball,Lower limb,2023,816,30700.0,0.11807188855579068,True
Baseball/softball,Other/systemic,2023,54,2100.0,0.20488216416972674,True
Weight training,Head/neck,2023,373,14400.0,0.12485733945235186,True
Weight training,Upper limb,2023,779,31200.0,0.08529050942184205,True
Weight training,Trunk/spine,2023,987,38500.0,0.11068763442383729,True
Weight training,Lower limb,2023,576,21500.0,0.10045157076751009,True
Weight training,Other/systemic,2023,56,1800.0,0.20759467466129633,True
Other sport/recreation,Head/neck,2023,502,15300.0,0.11184590600716321,True
Other sport/recreation,Upper limb,2023,647,20600.0,0.09612664785904834,True
Other sport/recreation,Trunk/spine,2023,218,7100.0,0.15802249677257746,True
Other sport/recreation,Lower limb,2023,798,24400.0,0.1179929829735339,True
Other sport/recreation,Other/systemic,2023,66,2800.0,0.27558782580863994,True
Combat sports,Head/neck,2023,748,26400.0,0.12078442061868867,True
Combat sports,Upper limb,2023,996,36500.0,0.10781890046230413,True
Combat sports,Trunk/spine,2023,304,12200.0,0.12426102559522344,True
Combat sports,Lower limb,2023,609,21300.0,0.1336039095620715,True
Combat sports,Other/systemic,2023,30,1200.0,0.24509886172973672,True
Other ball sports,Head/neck,2023,642,21200.0,0.13076043850969493,True
Other ball sports,Upper limb,2023,589,20300.0,0.12776986440777147,True
Other ball sports,Trunk/spine,2023,191,9100.0,0.31158476461168844,True
Other ball sports,Lower limb,2023,499,18300.0,0.10965607946970658,True
Other ball sports,Other/systemic,2023,97,,0.3438833400580532,False
Gymnastics/cheerleading,Head/neck,2023,455,15800.0,0.18393709459898672,True
Gymnastics/cheerleading,Upper limb,2023,658,20600.0,0.14598541754189573,True
Gymnastics/cheerleading,Trunk/spine,2023,157,5000.0,0.20985558566350646,True
Gymnastics/cheerleading,Lower limb,2023,458,14100.0,0.18208772309011168,True
Gymnastics/cheerleading,Other/systemic,2023,24,,0.4826807347935442,False
Volleyball,Head/neck,2023,267,9300.0,0.11163149573091452,True
Volleyball,Upper limb,2023,507,17200.0,0.1382312340637688,True
Volleyball,Trunk/spine,2023,118,4000.0,0.1843985048705643,True
Volleyball,Lower limb,2023,658,23100.0,0.11086503474796666,True
Volleyball,Other/systemic,2023,26,,0.3409762841991861,False
Snow sports,Head/neck,2023,307,15900.0,0.3200435024418965,True
Snow sports,Upper limb,2023,472,,0.3434350485958871,False
Snow sports,Trunk/spine,2023,243,,0.36184006599848806,False
Snow sports,Lower limb,2023,444,,0.35694386988088894,False
Snow sports,Other/systemic,2023,14,,0.7566012106301989,False
Hockey,Head/neck,2023,514,15900.0,0.2006142829441665,True
Hockey,Upper limb,2023,414,13600.0,0.23993577783559292,True
Hockey,Trunk/spine,2023,132,4400.0,0.22341762999853249,True
Hockey,Lower limb,2023,198,6600.0,0.2362712029924016,True
Hockey,Other/systemic,2023,8,,0.510358987892079,False
Fishing,Head/neck,2023,166,8000.0,0.14647212761033565,True
Fishing,Upper limb,2023,582,30000.0,0.12908677272136396,True
Fishing,Trunk/spine,2023,64,2800.0,0.184727972064324,True
Fishing,Lower limb,2023,222,11500.0,0.16414499360502488,True
Fishing,Other/systemic,2023,30,1800.0,0.2571317583301144,True
Basketball,Head/neck,2024,2138,77000.0,0.08344071347271353,True
Basketball,Upper limb,2024,2979,107000.0,0.08869861612306225,True
Basketball,Trunk/spine,2024,747,28300.0,0.09972607170593357,True
Basketball,Lower limb,2024,4383,167700.0,0.0810519819436398,True
Basketball,Other/systemic,2024,113,3800.0,0.175051563332984,True
Exercise/fitness,Head/neck,2024,1438,62200.0,0.1053644751862676,True
Exercise/fitness,Upper limb,2024,1449,63200.0,0.09620692161505985,True
Exercise/fitness,Trunk/spine,2024,3017,138200.0,0.1354716271517242,True
Exercise/fitness,Lower limb,2024,2915,135400.0,0.09765475086277602,True
Exercise/fitness,Other/systemic,2024,736,34800.0,0.18589979853501346,True
Football,Head/neck,2024,2338,74200.0,0.09509807872708344,True
Football,Upper limb,2024,3944,131100.0,0.08361817461017755,True
Football,Trunk/spine,2024,763,24700.0,0.10077913540289482,True
Football,Lower limb,2024,2490,82600.0,0.08743230943881475,True
Football,Other/systemic,2024,101,3800.0,0.22994680795073974,True
Soccer,Head/neck,2024,1636,51500.0,0.1141121032689726,True
Soccer,Upper limb,2024,2333,71200.0,0.1248942269812439,True
Soccer,Trunk/spine,2024,650,20800.0,0.12147398049983127,True
Soccer,Lower limb,2024,3591,117900.0,0.11214493513215278,True
Soccer,Other/systemic,2024,91,3100.0,0.21457338769295672,True
Swimming/diving,Head/neck,2024,2692,99600.0,0.17970262901758213,True
Swimming/diving,Upper limb,2024,363,15400.0,0.11727733632785269,True
Swimming/diving,Trunk/spine,2024,387,15800.0,0.15405691890306533,True
Swimming/diving,Lower limb,2024,764,30700.0,0.11948138227174057,True
Swimming/diving,Other/systemic,2024,526,18000.0,0.18478938251703036,True
Baseball/softball,Head/neck,2024,1711,61800.0,0.09571030318437261,True
Baseball/softball,Upper limb,2024,1089,42200.0,0.08779127008536108,True
Baseball/softball,Trunk/spine,2024,275,10400.0,0.11718971519941063,True
Baseball/softball,Lower limb,2024,862,36900.0,0.10001197511494286,True
Baseball/softball,Other/systemic,2024,57,2100.0,0.18868993471785023,True
Weight training,Head/neck,2024,372,14800.0,0.12341556012364037,True
Weight training,Upper limb,2024,792,35200.0,0.08750305602780649,True
Weight training,Trunk/spine,2024,1067,48900.0,0.1120368530209299,True
Weight training,Lower limb,2024,571,23900.0,0.09222403072809421,True
Weight training,Other/systemic,2024,79,3100.0,0.20099030653664537,True
Other sport/recreation,Head/neck,2024,516,17300.0,0.12090919937236881,True
Other sport/recreation,Upper limb,2024,709,26200.0,0.08786971956195466,True
Other sport/recreation,Trunk/spine,2024,239,8700.0,0.10761755781792065,True
Other sport/recreation,Lower limb,2024,814,29800.0,0.09776200143676836,True
Other sport/recreation,Other/systemic,2024,63,2400.0,0.25095402903050545,True
Combat sports,Head/neck,2024,837,30800.0,0.10203955608175116,True
Combat sports,Upper limb,2024,1180,46000.0,0.1004642521326874,True
Combat sports,Trunk/spine,2024,345,14400.0,0.10037225876422448,True
Combat sports,Lower limb,2024,638,23100.0,0.09854157463567007,True
Combat sports,Other/systemic,2024,38,1300.0,0.21194090562301474,True
Other ball sports,Head/neck,2024,714,24400.0,0.10618346014879344,True
Other ball sports,Upper limb,2024,691,27800.0,0.11375422791306772,True
Other ball sports,Trunk/spine,2024,244,10700.0,0.21553708469621474,True
Other ball sports,Lower limb,2024,661,25800.0,0.09319288172236868,True
Other ball sports,Other/systemic,2024,134,4500.0,0.18017934368121077,True
Gymnastics/cheerleading,Head/neck,2024,542,17300.0,0.12194686392185755,True
Gymnastics/cheerleading,Upper limb,2024,712,22300.0,0.12935338236624297,True
Gymnastics/cheerleading,Trunk/spine,2024,187,6400.0,0.14497602717835617,True
Gymnastics/cheerleading,Lower limb,2024,567,19200.0,0.12055578537824757,True
Gymnastics/cheerleading,Other/systemic,2024,28,,0.36246788793226614,False
Volleyball,Head/neck,2024,293,10500.0,0.13100605119758216,True
Volleyball,Upper limb,2024,544,19700.0,0.10641963422357338,True
Volleyball,Trunk/spine,2024,151,6300.0,0.14031584862720717,True
Volleyball,Lower limb,2024,749,27400.0,0.09644516500454599,True
Volleyball,Other/systemic,2024,25,,0.2983939856758372,False
Snow sports,Head/neck,2024,338,,0.3549503016345258,False
Snow sports,Upper limb,2024,502,30300.0,0.28563116385706194,True
Snow sports,Trunk/spine,2024,209,,0.3325995972560193,False
Snow sports,Lower limb,2024,388,,0.3569332631536357,False
Snow sports,Other/systemic,2024,9,,0.6843986911175196,False
Hockey,Head/neck,2024,489,15200.0,0.22553362309157632,True
Hockey,Upper limb,2024,441,16300.0,0.204499790602027,True
Hockey,Trunk/spine,2024,143,5700.0,0.1912850753153288,True
Hockey,Lower limb,2024,240,9000.0,0.23321149459971596,True
Hockey,Other/systemic,2024,11,,0.4812735134786327,False
Fishing,Head/neck,2024,197,10400.0,0.13554003198181092,True
Fishing,Upper limb,2024,640,39000.0,0.1168095950301472,True
Fishing,Trunk/spine,2024,90,5200.0,0.15295866689013596,True
Fishing,Lower limb,2024,278,16500.0,0.12873649354076197,True
Fishing,Other/systemic,2024,38,2600.0,0.2666336971239314,True
Basketball,Head/neck,2025,2333,79600.0,0.09149459861268482,True
Basketball,Upper limb,2025,2904,99400.0,0.08975802797082949,True
Basketball,Trunk/spine,2025,722,26500.0,0.09880721583782268,True
Basketball,Lower limb,2025,4343,152400.0,0.08406312938511473,True
Basketball,Other/systemic,2025,136,4900.0,0.20323826940780454,True
Exercise/fitness,Head/neck,2025,1611,65200.0,0.11478359223722844,True
Exercise/fitness,Upper limb,2025,1665,68100.0,0.10391617903201412,True
Exercise/fitness,Trunk/spine,2025,3457,149300.0,0.14297588404491673,True
Exercise/fitness,Lower limb,2025,3161,135900.0,0.09970326417778075,True
Exercise/fitness,Other/systemic,2025,882,36100.0,0.19521667996668043,True
Football,Head/neck,2025,2384,72700.0,0.0880094105659035,True
Football,Upper limb,2025,3815,121000.0,0.09442768755867124,True
Football,Trunk/spine,2025,783,25100.0,0.09094528045100202,True
Football,Lower limb,2025,2721,87500.0,0.08801012061334221,True
Football,Other/systemic,2025,126,4600.0,0.18228655997937845,True
Soccer,Head/neck,2025,1853,53900.0,0.12207481970126881,True
Soccer,Upper limb,2025,2439,68300.0,0.1360523791252298,True
Soccer,Trunk/spine,2025,676,19500.0,0.1461796835778681,True
Soccer,Lower limb,2025,3837,118300.0,0.1261182963071633,True
Soccer,Other/systemic,2025,101,3000.0,0.18227704366353376,True
Swimming/diving,Head/neck,2025,2688,95000.0,0.21516020684698378,True
Swimming/diving,Upper limb,2025,410,18100.0,0.11645940161264487,True
Swimming/diving,Trunk/spine,2025,460,19800.0,0.15881968753632203,True
Swimming/diving,Lower limb,2025,763,32100.0,0.14835689497488047,True
Swimming/diving,Other/systemic,2025,569,18800.0,0.20410688844704472,True
Baseball/softball,Head/neck,2025,1826,60400.0,0.08356281155908882,True
Baseball/softball,Upper limb,2025,1154,42600.0,0.09478242616173867,True
Baseball/softball,Trunk/spine,2025,324,11000.0,0.13061049736691888,True
Baseball/softball,Lower limb,2025,1003,39900.0,0.09545864968964371,True
Baseball/softball,Other/systemic,2025,55,2100.0,0.2374072152529417,True
Weight training,Head/neck,2025,395,15100.0,0.11335660384521003,True
Weight training,Upper limb,2025,879,36400.0,0.0954294665893347,True
Weight training,Trunk/spine,2025,1111,47800.0,0.10727366417033132,True
Weight training,Lower limb,2025,662,26500.0,0.10572938213282805,True
Weight training,Other/systemic,2025,84,3000.0,0.2448688428570351,True
Other sport/recreation,Head/neck,2025,540,17600.0,0.09354271563448127,True
Other sport/recreation,Upper limb,2025,692,23300.0,0.10208960637375385,True
Other sport/recreation,Trunk/spine,2025,269,9200.0,0.12371289731372782,True
Other sport/recreation,Lower limb,2025,914,28100.0,0.09763361305979491,True
Other sport/recreation,Other/systemic,2025,70,2900.0,0.23916278358990817,True
Combat sports,Head/neck,2025,908,31200.0,0.11089838587676695,True
Combat sports,Upper limb,2025,1206,44500.0,0.09802706034965866,True
Combat sports,Trunk/spine,2025,354,13800.0,0.12213439617098439,True
Combat sports,Lower limb,2025,667,24500.0,0.10623490918170085,True
Combat sports,Other/systemic,2025,37,1200.0,0.2600331486910004,True
Other ball sports,Head/neck,2025,805,25200.0,0.09869380954484751,True
Other ball sports,Upper limb,2025,750,27700.0,0.10854515336537027,True
Other ball sports,Trunk/spine,2025,239,10100.0,0.18004881206276205,True
Other ball sports,Lower limb,2025,669,24700.0,0.10923741169907207,True
Other ball sports,Other/systemic,2025,138,5000.0,0.24593284615474006,True
Gymnastics/cheerleading,Head/neck,2025,571,16900.0,0.1153448679263177,True
Gymnastics/cheerleading,Upper limb,2025,788,22600.0,0.1319862105677388,True
Gymnastics/cheerleading,Trunk/spine,2025,237,6700.0,0.16685452773221432,True
Gymnastics/cheerleading,Lower limb,2025,599,18600.0,0.1521233641831701,True
Gymnastics/cheerleading,Other/systemic,2025,29,,0.3780670364691187,False
Volleyball,Head/neck,2025,346,11800.0,0.12094154160927638,True
Volleyball,Upper limb,2025,607,19800.0,0.1147132355652946,True
Volleyball,Trunk/spine,2025,152,6200.0,0.13959958377438716,True
Volleyball,Lower limb,2025,850,30200.0,0.11098580531174931,True
Volleyball,Other/systemic,2025,27,,0.2730413405975728,False
Snow sports,Head/neck,2025,402,21100.0,0.2981434879569696,True
Snow sports,Upper limb,2025,577,32400.0,0.24799342716617603,True
Snow sports,Trunk/spine,2025,234,13100.0,0.2749818972279679,True
Snow sports,Lower limb,2025,403,21900.0,0.3152152800397599,True
Snow sports,Other/systemic,2025,19,,0.6196750579721928,False
Hockey,Head/neck,2025,496,15600.0,0.19991576775256836,True
Hockey,Upper limb,2025,430,15400.0,0.2052901916095731,True
Hockey,Trunk/spine,2025,129,4900.0,0.20480537215704417,True
Hockey,Lower limb,2025,240,8300.0,0.22391885386527835,True
Hockey,Other/systemic,2025,15,,0.4217998567361079,False
Fishing,Head/neck,2025,228,9900.0,0.16158809206904268,True
Fishing,Upper limb,2025,653,37700.0,0.11910470090285245,True
Fishing,Trunk/spine,2025,102,5800.0,0.16564740159471972,True
Fishing,Lower limb,2025,249,12200.0,0.1917730443371205,True
Fishing,Other/systemic,2025,31,1500.0,0.28874403081827527,True
