Disposition_Label,Age_Band,Source_Year,n,estimate,cv_approx,annual_pass
TREATED/EXAMINED AND RELEASED,0-4,2016,1539,46500.0,0.16426848786198509,True
TREATED/EXAMINED AND RELEASED,5-9,2016,7477,227200.0,0.1475480326571077,True
TREATED/EXAMINED AND RELEASED,10-14,2016,22635,694800.0,0.1139261580664391,True
TREATED/EXAMINED AND RELEASED,15-17,2016,13968,484200.0,0.1082406463599321,True
TREATED/EXAMINED AND RELEASED,18-24,2016,9412,380400.0,0.0909965541997997,True
TREATED/EXAMINED AND RELEASED,25-34,2016,6961,284500.0,0.1045325164503187,True
TREATED/EXAMINED AND RELEASED,35-44,2016,4074,179300.0,0.10444381690320702,True
TREATED/EXAMINED AND RELEASED,45-54,2016,2849,128600.0,0.11280226499593017,True
TREATED/EXAMINED AND RELEASED,55-64,2016,1743,81100.0,0.13948296147642059,True
TREATED/EXAMINED AND RELEASED,65-74,2016,1166,62900.0,0.20600769525470777,True
TREATED/EXAMINED AND RELEASED,75+,2016,621,34300.0,0.21378747831857764,True
TREATED AND TRANSFERRED,0-4,2016,11,,0.33654690088573763,False
TREATED AND TRANSFERRED,5-9,2016,38,1800.0,0.26993857342621735,True
TREATED AND TRANSFERRED,10-14,2016,63,3500.0,0.1678769866820054,True
TREATED AND TRANSFERRED,15-17,2016,41,3000.0,0.19739042149151373,True
TREATED AND TRANSFERRED,18-24,2016,25,1200.0,0.2957690214916762,True
TREATED AND TRANSFERRED,25-34,2016,21,1300.0,0.28671829031868623,True
TREATED AND TRANSFERRED,35-44,2016,22,,0.2673877975219491,False
TREATED AND TRANSFERRED,45-54,2016,14,,0.3151372605904047,False
TREATED AND TRANSFERRED,55-64,2016,17,,0.28689970241603413,False
TREATED AND TRANSFERRED,65-74,2016,10,,0.42808933973757907,False
TREATED AND TRANSFERRED,75+,2016,3,,0.5554039621672867,False
TREATED AND ADMITTED/HOSPITALIZED,0-4,2016,110,,0.5013545548066626,False
TREATED AND ADMITTED/HOSPITALIZED,5-9,2016,202,2900.0,0.26811453881178693,True
TREATED AND ADMITTED/HOSPITALIZED,10-14,2016,456,7500.0,0.2984478529733297,True
TREATED AND ADMITTED/HOSPITALIZED,15-17,2016,324,6900.0,0.21458279823644866,True
TREATED AND ADMITTED/HOSPITALIZED,18-24,2016,206,6700.0,0.16681410404596195,True
TREATED AND ADMITTED/HOSPITALIZED,25-34,2016,206,7400.0,0.18930167041632343,True
TREATED AND ADMITTED/HOSPITALIZED,35-44,2016,141,5600.0,0.21549777023095837,True
TREATED AND ADMITTED/HOSPITALIZED,45-54,2016,171,7500.0,0.2743962841130195,True
TREATED AND ADMITTED/HOSPITALIZED,55-64,2016,188,8400.0,0.2947860999003119,True
TREATED AND ADMITTED/HOSPITALIZED,65-74,2016,235,,0.5359645018810054,False
TREATED AND ADMITTED/HOSPITALIZED,75+,2016,238,,0.4464675558895832,False
HELD FOR OBSERVATION,0-4,2016,4,,0.6195491066608029,False
HELD FOR OBSERVATION,5-9,2016,8,,0.725568908105434,False
HELD FOR OBSERVATION,10-14,2016,19,,0.4500348621075434,False
HELD FOR OBSERVATION,15-17,2016,18,,0.34154107361319674,False
HELD FOR OBSERVATION,18-24,2016,29,,0.3966603738314966,False
HELD FOR OBSERVATION,25-34,2016,24,,0.32844563631981183,False
HELD FOR OBSERVATION,35-44,2016,22,,0.36797130872848827,False
HELD FOR OBSERVATION,45-54,2016,14,,0.6303418284129815,False
HELD FOR OBSERVATION,55-64,2016,21,,0.31613951592178346,False
HELD FOR OBSERVATION,65-74,2016,12,,0.4964955439238945,False
HELD FOR OBSERVATION,75+,2016,12,,0.5771721265103305,False
"FATALITY INCL. DOA, DIED IN ER",0-4,2016,7,,0.8040247409948086,False
"FATALITY INCL. DOA, DIED IN ER",5-9,2016,3,,0.6674743063840555,False
"FATALITY INCL. DOA, DIED IN ER",10-14,2016,2,,0.8001450269449297,False
"FATALITY INCL. DOA, DIED IN ER",15-17,2016,1,,1.0000000000000004,False
"FATALITY INCL. DOA, DIED IN ER",18-24,2016,2,,0.8744587646213721,False
"FATALITY INCL. DOA, DIED IN ER",25-34,2016,0,,,False
"FATALITY INCL. DOA, DIED IN ER",35-44,2016,4,,0.6142088268950319,False
"FATALITY INCL. DOA, DIED IN ER",45-54,2016,3,,0.7073211710690499,False
"FATALITY INCL. DOA, DIED IN ER",55-64,2016,6,,0.6388627613038447,False
"FATALITY INCL. DOA, DIED IN ER",65-74,2016,3,,0.6630238385767929,False
"FATALITY INCL. DOA, DIED IN ER",75+,2016,8,,0.5581680270018535,False
TREATED/EXAMINED AND RELEASED,0-4,2017,1704,46900.0,0.19507154456073278,True
TREATED/EXAMINED AND RELEASED,5-9,2017,7795,217400.0,0.14805618978015192,True
TREATED/EXAMINED AND RELEASED,10-14,2017,23268,694900.0,0.10468458035454259,True
TREATED/EXAMINED AND RELEASED,15-17,2017,14380,471600.0,0.0928275553919017,True
TREATED/EXAMINED AND RELEASED,18-24,2017,9120,358100.0,0.08240171246307301,True
TREATED/EXAMINED AND RELEASED,25-34,2017,6933,278400.0,0.08298300970825546,True
TREATED/EXAMINED AND RELEASED,35-44,2017,3905,172000.0,0.0825734224736933,True
TREATED/EXAMINED AND RELEASED,45-54,2017,2823,127700.0,0.09296611191758926,True
TREATED/EXAMINED AND RELEASED,55-64,2017,1850,86500.0,0.10220917698691691,True
TREATED/EXAMINED AND RELEASED,65-74,2017,1307,66000.0,0.16056520405882618,True
TREATED/EXAMINED AND RELEASED,75+,2017,791,39800.0,0.1980088184551271,True
TREATED AND TRANSFERRED,0-4,2017,10,,0.3665260838046337,False
TREATED AND TRANSFERRED,5-9,2017,33,2200.0,0.2524962067374178,True
TREATED AND TRANSFERRED,10-14,2017,77,4400.0,0.1789447016137269,True
TREATED AND TRANSFERRED,15-17,2017,60,3600.0,0.16173407173413892,True
TREATED AND TRANSFERRED,18-24,2017,33,1600.0,0.28579752190230107,True
TREATED AND TRANSFERRED,25-34,2017,30,1500.0,0.25594157812568724,True
TREATED AND TRANSFERRED,35-44,2017,17,,0.41796955226936766,False
TREATED AND TRANSFERRED,45-54,2017,18,,0.33385116810286913,False
TREATED AND TRANSFERRED,55-64,2017,19,,0.27346720328049356,False
TREATED AND TRANSFERRED,65-74,2017,12,,0.2833659564578121,False
TREATED AND TRANSFERRED,75+,2017,4,,0.4975122534547822,False
TREATED AND ADMITTED/HOSPITALIZED,0-4,2017,122,,0.37262687157757995,False
TREATED AND ADMITTED/HOSPITALIZED,5-9,2017,196,2200.0,0.23269712173536994,True
TREATED AND ADMITTED/HOSPITALIZED,10-14,2017,450,6900.0,0.20734325154518332,True
TREATED AND ADMITTED/HOSPITALIZED,15-17,2017,263,5800.0,0.20597575177896063,True
TREATED AND ADMITTED/HOSPITALIZED,18-24,2017,185,6200.0,0.18806278303432478,True
TREATED AND ADMITTED/HOSPITALIZED,25-34,2017,161,5300.0,0.165731523826588,True
TREATED AND ADMITTED/HOSPITALIZED,35-44,2017,163,6800.0,0.1893263546942219,True
TREATED AND ADMITTED/HOSPITALIZED,45-54,2017,202,8900.0,0.26135726180437097,True
TREATED AND ADMITTED/HOSPITALIZED,55-64,2017,242,11900.0,0.3107728532527838,True
TREATED AND ADMITTED/HOSPITALIZED,65-74,2017,264,,0.4251601420024718,False
TREATED AND ADMITTED/HOSPITALIZED,75+,2017,296,,0.372098807636022,False
HELD FOR OBSERVATION,0-4,2017,7,,0.5540736804847525,False
HELD FOR OBSERVATION,5-9,2017,6,,0.6894235677257454,False
HELD FOR OBSERVATION,10-14,2017,26,,0.5263025732206368,False
HELD FOR OBSERVATION,15-17,2017,20,,0.36332517733003894,False
HELD FOR OBSERVATION,18-24,2017,25,,0.33842938933093136,False
HELD FOR OBSERVATION,25-34,2017,31,,0.33588399688359494,False
HELD FOR OBSERVATION,35-44,2017,20,,0.3971843325928295,False
HELD FOR OBSERVATION,45-54,2017,15,,0.33694367839469463,False
HELD FOR OBSERVATION,55-64,2017,18,,0.4064821047067548,False
HELD FOR OBSERVATION,65-74,2017,20,,0.36382246608360835,False
HELD FOR OBSERVATION,75+,2017,17,,0.3301124645672917,False
"FATALITY INCL. DOA, DIED IN ER",0-4,2017,3,,0.6747922719962666,False
"FATALITY INCL. DOA, DIED IN ER",5-9,2017,4,,0.5425615745297375,False
"FATALITY INCL. DOA, DIED IN ER",10-14,2017,1,,1.0000000000000002,False
"FATALITY INCL. DOA, DIED IN ER",15-17,2017,2,,0.7999859604479708,False
"FATALITY INCL. DOA, DIED IN ER",18-24,2017,0,,,False
"FATALITY INCL. DOA, DIED IN ER",25-34,2017,5,,0.6739420264097689,False
"FATALITY INCL. DOA, DIED IN ER",35-44,2017,2,,0.842052198786608,False
"FATALITY INCL. DOA, DIED IN ER",45-54,2017,6,,0.4961168983413148,False
"FATALITY INCL. DOA, DIED IN ER",55-64,2017,8,,0.4191899948477689,False
"FATALITY INCL. DOA, DIED IN ER",65-74,2017,6,,0.6357434546908921,False
"FATALITY INCL. DOA, DIED IN ER",75+,2017,4,,0.4606053139584523,False
TREATED/EXAMINED AND RELEASED,0-4,2018,1612,45400.0,0.21377317596379933,True
TREATED/EXAMINED AND RELEASED,5-9,2018,7069,203400.0,0.18417260595589016,True
TREATED/EXAMINED AND RELEASED,10-14,2018,20857,619600.0,0.126157722521622,True
TREATED/EXAMINED AND RELEASED,15-17,2018,12830,431500.0,0.11452017904967239,True
TREATED/EXAMINED AND RELEASED,18-24,2018,7747,313800.0,0.08853285147961192,True
TREATED/EXAMINED AND RELEASED,25-34,2018,5912,249200.0,0.08207668366285305,True
TREATED/EXAMINED AND RELEASED,35-44,2018,3609,163600.0,0.08371707879202507,True
TREATED/EXAMINED AND RELEASED,45-54,2018,2404,109500.0,0.09961867670876362,True
TREATED/EXAMINED AND RELEASED,55-64,2018,1745,82300.0,0.12677745356153974,True
TREATED/EXAMINED AND RELEASED,65-74,2018,1238,65100.0,0.18379456995665028,True
TREATED/EXAMINED AND RELEASED,75+,2018,750,41000.0,0.2125958670576635,True
TREATED AND TRANSFERRED,0-4,2018,19,,0.27262195881106777,False
TREATED AND TRANSFERRED,5-9,2018,32,1600.0,0.31134700305482227,True
TREATED AND TRANSFERRED,10-14,2018,76,3800.0,0.2538965965338381,True
TREATED AND TRANSFERRED,15-17,2018,56,3200.0,0.3201175314038412,True
TREATED AND TRANSFERRED,18-24,2018,33,1600.0,0.21197380409331465,True
TREATED AND TRANSFERRED,25-34,2018,19,,0.26771656196315335,False
TREATED AND TRANSFERRED,35-44,2018,12,,0.3329804479777296,False
TREATED AND TRANSFERRED,45-54,2018,17,,0.3160748709842005,False
TREATED AND TRANSFERRED,55-64,2018,19,,0.29671972179002026,False
TREATED AND TRANSFERRED,65-74,2018,12,,0.2995446144380644,False
TREATED AND TRANSFERRED,75+,2018,16,,0.3152753962786757,False
TREATED AND ADMITTED/HOSPITALIZED,0-4,2018,116,,0.48910459875258516,False
TREATED AND ADMITTED/HOSPITALIZED,5-9,2018,220,3100.0,0.2497546632082539,True
TREATED AND ADMITTED/HOSPITALIZED,10-14,2018,519,7400.0,0.20428926201888387,True
TREATED AND ADMITTED/HOSPITALIZED,15-17,2018,287,5700.0,0.22536570671828465,True
TREATED AND ADMITTED/HOSPITALIZED,18-24,2018,165,5700.0,0.17737029818656094,True
TREATED AND ADMITTED/HOSPITALIZED,25-34,2018,205,8100.0,0.18016171642689224,True
TREATED AND ADMITTED/HOSPITALIZED,35-44,2018,165,6800.0,0.25955471421148224,True
TREATED AND ADMITTED/HOSPITALIZED,45-54,2018,186,9800.0,0.3254303477173692,True
TREATED AND ADMITTED/HOSPITALIZED,55-64,2018,264,,0.3667863690993172,False
TREATED AND ADMITTED/HOSPITALIZED,65-74,2018,334,,0.44452827913474524,False
TREATED AND ADMITTED/HOSPITALIZED,75+,2018,335,,0.41528546593892246,False
HELD FOR OBSERVATION,0-4,2018,13,,0.6334539909140638,False
HELD FOR OBSERVATION,5-9,2018,12,,0.597130267393021,False
HELD FOR OBSERVATION,10-14,2018,33,,0.3223885720472018,False
HELD FOR OBSERVATION,15-17,2018,20,,0.4495730533876044,False
HELD FOR OBSERVATION,18-24,2018,18,,0.41077803557247616,False
HELD FOR OBSERVATION,25-34,2018,29,,0.3358320125961591,False
HELD FOR OBSERVATION,35-44,2018,18,,0.28357181917956403,False
HELD FOR OBSERVATION,45-54,2018,31,,0.39253334325162037,False
HELD FOR OBSERVATION,55-64,2018,26,,0.4384102625436368,False
HELD FOR OBSERVATION,65-74,2018,31,1500.0,0.30067801388036836,True
HELD FOR OBSERVATION,75+,2018,21,,0.34978335368738084,False
"FATALITY INCL. DOA, DIED IN ER",0-4,2018,4,,0.6716498838623932,False
"FATALITY INCL. DOA, DIED IN ER",5-9,2018,5,,0.8257071214086242,False
"FATALITY INCL. DOA, DIED IN ER",10-14,2018,2,,0.6546536707079771,False
"FATALITY INCL. DOA, DIED IN ER",15-17,2018,2,,0.6895133376129896,False
"FATALITY INCL. DOA, DIED IN ER",18-24,2018,1,,0.9999999999999994,False
"FATALITY INCL. DOA, DIED IN ER",25-34,2018,0,,,False
"FATALITY INCL. DOA, DIED IN ER",35-44,2018,1,,1.0,False
"FATALITY INCL. DOA, DIED IN ER",45-54,2018,7,,0.5081867480201456,False
"FATALITY INCL. DOA, DIED IN ER",55-64,2018,2,,0.8492352901669129,False
"FATALITY INCL. DOA, DIED IN ER",65-74,2018,8,,0.8572777354151969,False
"FATALITY INCL. DOA, DIED IN ER",75+,2018,6,,0.461496988394345,False
TREATED/EXAMINED AND RELEASED,0-4,2019,1575,42400.0,0.22932168807727982,True
TREATED/EXAMINED AND RELEASED,5-9,2019,6762,185400.0,0.18250084945858508,True
TREATED/EXAMINED AND RELEASED,10-14,2019,20352,593200.0,0.1386906129870942,True
TREATED/EXAMINED AND RELEASED,15-17,2019,12355,403800.0,0.12476041478055817,True
TREATED/EXAMINED AND RELEASED,18-24,2019,7400,298000.0,0.08617427402444089,True
TREATED/EXAMINED AND RELEASED,25-34,2019,5538,232400.0,0.08066435773629994,True
TREATED/EXAMINED AND RELEASED,35-44,2019,3414,154200.0,0.08323163694579659,True
TREATED/EXAMINED AND RELEASED,45-54,2019,2426,111100.0,0.09742976916718804,True
TREATED/EXAMINED AND RELEASED,55-64,2019,1888,85400.0,0.11883645935461194,True
TREATED/EXAMINED AND RELEASED,65-74,2019,1388,73200.0,0.25016048707622063,True
TREATED/EXAMINED AND RELEASED,75+,2019,808,44500.0,0.2643123914541175,True
TREATED AND TRANSFERRED,0-4,2019,13,,0.3437673280836344,False
TREATED AND TRANSFERRED,5-9,2019,25,1300.0,0.3257430747459631,True
TREATED AND TRANSFERRED,10-14,2019,80,4400.0,0.20876583275406788,True
TREATED AND TRANSFERRED,15-17,2019,38,1900.0,0.22702762065237675,True
TREATED AND TRANSFERRED,18-24,2019,30,1300.0,0.261242837349128,True
TREATED AND TRANSFERRED,25-34,2019,25,,0.42512332288706584,False
TREATED AND TRANSFERRED,35-44,2019,19,,0.267733394639047,False
TREATED AND TRANSFERRED,45-54,2019,13,,0.3327185617897238,False
TREATED AND TRANSFERRED,55-64,2019,20,1300.0,0.31864838966059855,True
TREATED AND TRANSFERRED,65-74,2019,18,,0.2884620353682704,False
TREATED AND TRANSFERRED,75+,2019,15,,0.3170771906122715,False
TREATED AND ADMITTED/HOSPITALIZED,0-4,2019,115,,0.5985658276893653,False
TREATED AND ADMITTED/HOSPITALIZED,5-9,2019,180,2800.0,0.28955002215216485,True
TREATED AND ADMITTED/HOSPITALIZED,10-14,2019,522,7000.0,0.23904703355467957,True
TREATED AND ADMITTED/HOSPITALIZED,15-17,2019,274,5600.0,0.21379847262342122,True
TREATED AND ADMITTED/HOSPITALIZED,18-24,2019,171,6300.0,0.1820490487533635,True
TREATED AND ADMITTED/HOSPITALIZED,25-34,2019,187,7400.0,0.16714285910972104,True
TREATED AND ADMITTED/HOSPITALIZED,35-44,2019,150,6000.0,0.18171374330711404,True
TREATED AND ADMITTED/HOSPITALIZED,45-54,2019,183,8200.0,0.26883996125936,True
TREATED AND ADMITTED/HOSPITALIZED,55-64,2019,240,11800.0,0.3154764861205708,True
TREATED AND ADMITTED/HOSPITALIZED,65-74,2019,300,,0.47100220931073505,False
TREATED AND ADMITTED/HOSPITALIZED,75+,2019,323,,0.43603644902255306,False
HELD FOR OBSERVATION,0-4,2019,8,,0.4225771273642583,False
HELD FOR OBSERVATION,5-9,2019,14,,0.511257533065771,False
HELD FOR OBSERVATION,10-14,2019,18,,0.4923429990803744,False
HELD FOR OBSERVATION,15-17,2019,24,,0.43028746231158904,False
HELD FOR OBSERVATION,18-24,2019,24,,0.37744455863484117,False
HELD FOR OBSERVATION,25-34,2019,26,,0.27202159446952734,False
HELD FOR OBSERVATION,35-44,2019,19,,0.2658901989879594,False
HELD FOR OBSERVATION,45-54,2019,27,,0.2773400419614305,False
HELD FOR OBSERVATION,55-64,2019,28,,0.319137642763278,False
HELD FOR OBSERVATION,65-74,2019,38,1900.0,0.268639694409538,True
HELD FOR OBSERVATION,75+,2019,15,,0.3766677977874907,False
"FATALITY INCL. DOA, DIED IN ER",0-4,2019,4,,0.944314128189766,False
"FATALITY INCL. DOA, DIED IN ER",5-9,2019,2,,0.9456737390763862,False
"FATALITY INCL. DOA, DIED IN ER",10-14,2019,5,,0.518238775634773,False
"FATALITY INCL. DOA, DIED IN ER",15-17,2019,0,,,False
"FATALITY INCL. DOA, DIED IN ER",18-24,2019,1,,1.0,False
"FATALITY INCL. DOA, DIED IN ER",25-34,2019,1,,1.0,False
"FATALITY INCL. DOA, DIED IN ER",35-44,2019,0,,,False
"FATALITY INCL. DOA, DIED IN ER",45-54,2019,2,,0.8434837295893488,False
"FATALITY INCL. DOA, DIED IN ER",55-64,2019,5,,0.6246283207806468,False
"FATALITY INCL. DOA, DIED IN ER",65-74,2019,12,,0.7016981293350392,False
"FATALITY INCL. DOA, DIED IN ER",75+,2019,9,,0.557862112712216,False
TREATED/EXAMINED AND RELEASED,0-4,2020,1355,35500.0,0.28979963566951966,True
TREATED/EXAMINED AND RELEASED,5-9,2020,3916,96000.0,0.22750326119281422,True
TREATED/EXAMINED AND RELEASED,10-14,2020,10062,254600.0,0.16550673816079933,True
TREATED/EXAMINED AND RELEASED,15-17,2020,6582,195400.0,0.13500293510351571,True
TREATED/EXAMINED AND RELEASED,18-24,2020,4723,191700.0,0.10296220380931477,True
TREATED/EXAMINED AND RELEASED,25-34,2020,4076,166600.0,0.08570984109885793,True
TREATED/EXAMINED AND RELEASED,35-44,2020,2587,110600.0,0.08704895945012875,True
TREATED/EXAMINED AND RELEASED,45-54,2020,1914,80500.0,0.09722160161405889,True
TREATED/EXAMINED AND RELEASED,55-64,2020,1549,71000.0,0.14664203800947695,True
TREATED/EXAMINED AND RELEASED,65-74,2020,1105,55700.0,0.2366215319671364,True
TREATED/EXAMINED AND RELEASED,75+,2020,729,38300.0,0.2899113197679084,True
TREATED AND TRANSFERRED,0-4,2020,8,,0.4394067641601161,False
TREATED AND TRANSFERRED,5-9,2020,19,,0.4835516027975287,False
TREATED AND TRANSFERRED,10-14,2020,42,,0.34903286393336846,False
TREATED AND TRANSFERRED,15-17,2020,32,1600.0,0.26352356387269926,True
TREATED AND TRANSFERRED,18-24,2020,18,,0.28616111866649907,False
TREATED AND TRANSFERRED,25-34,2020,21,1200.0,0.2648463663934096,True
TREATED AND TRANSFERRED,35-44,2020,15,,0.31201381218974333,False
TREATED AND TRANSFERRED,45-54,2020,10,,0.36634785864285435,False
TREATED AND TRANSFERRED,55-64,2020,19,,0.24183503291164632,False
TREATED AND TRANSFERRED,65-74,2020,19,,0.30005483550279405,False
TREATED AND TRANSFERRED,75+,2020,14,,0.4467867910069043,False
TREATED AND ADMITTED/HOSPITALIZED,0-4,2020,120,,0.5333446469434314,False
TREATED AND ADMITTED/HOSPITALIZED,5-9,2020,129,1700.0,0.259554359923013,True
TREATED AND ADMITTED/HOSPITALIZED,10-14,2020,312,4400.0,0.2773909604098173,True
TREATED AND ADMITTED/HOSPITALIZED,15-17,2020,193,3400.0,0.30009116282266074,True
TREATED AND ADMITTED/HOSPITALIZED,18-24,2020,156,5300.0,0.1396631940254922,True
TREATED AND ADMITTED/HOSPITALIZED,25-34,2020,149,5600.0,0.17814902583108397,True
TREATED AND ADMITTED/HOSPITALIZED,35-44,2020,126,4900.0,0.16194119320722378,True
TREATED AND ADMITTED/HOSPITALIZED,45-54,2020,168,6600.0,0.21047863079927423,True
TREATED AND ADMITTED/HOSPITALIZED,55-64,2020,233,10700.0,0.3046366814750171,True
TREATED AND ADMITTED/HOSPITALIZED,65-74,2020,289,,0.40668530575430994,False
TREATED AND ADMITTED/HOSPITALIZED,75+,2020,293,,0.37718840863981434,False
HELD FOR OBSERVATION,0-4,2020,11,,0.6288987019638053,False
HELD FOR OBSERVATION,5-9,2020,9,,0.8799150191450916,False
HELD FOR OBSERVATION,10-14,2020,32,,0.5396097965003043,False
HELD FOR OBSERVATION,15-17,2020,19,,0.4663855312198378,False
HELD FOR OBSERVATION,18-24,2020,22,,0.3476284590003429,False
HELD FOR OBSERVATION,25-34,2020,25,,0.4911974789296696,False
HELD FOR OBSERVATION,35-44,2020,21,,0.27467372429936726,False
HELD FOR OBSERVATION,45-54,2020,25,,0.4048286654865082,False
HELD FOR OBSERVATION,55-64,2020,37,,0.3191426463197933,False
HELD FOR OBSERVATION,65-74,2020,35,,0.34459135436904365,False
HELD FOR OBSERVATION,75+,2020,28,,0.3156675982570337,False
"FATALITY INCL. DOA, DIED IN ER",0-4,2020,3,,0.802632453125978,False
"FATALITY INCL. DOA, DIED IN ER",5-9,2020,2,,0.6546536707079772,False
"FATALITY INCL. DOA, DIED IN ER",10-14,2020,1,,1.0,False
"FATALITY INCL. DOA, DIED IN ER",15-17,2020,0,,,False
"FATALITY INCL. DOA, DIED IN ER",18-24,2020,1,,1.0,False
"FATALITY INCL. DOA, DIED IN ER",25-34,2020,0,,,False
"FATALITY INCL. DOA, DIED IN ER",35-44,2020,2,,0.6882472016116853,False
"FATALITY INCL. DOA, DIED IN ER",45-54,2020,2,,0.8419691851418791,False
"FATALITY INCL. DOA, DIED IN ER",55-64,2020,4,,0.5402421585663716,False
"FATALITY INCL. DOA, DIED IN ER",65-74,2020,6,,0.7484910431837706,False
"FATALITY INCL. DOA, DIED IN ER",75+,2020,2,,0.7149714882830264,False
TREATED/EXAMINED AND RELEASED,0-4,2021,1503,38900.0,0.24972492195581,True
TREATED/EXAMINED AND RELEASED,5-9,2021,5533,138800.0,0.24646732595995333,True
TREATED/EXAMINED AND RELEASED,10-14,2021,15151,393600.0,0.1583044268949059,True
TREATED/EXAMINED AND RELEASED,15-17,2021,10081,297400.0,0.12379589289904544,True
TREATED/EXAMINED AND RELEASED,18-24,2021,6600,251000.0,0.09935282448891353,True
TREATED/EXAMINED AND RELEASED,25-34,2021,5019,195000.0,0.08772965418680631,True
TREATED/EXAMINED AND RELEASED,35-44,2021,3247,133000.0,0.08784114277597245,True
TREATED/EXAMINED AND RELEASED,45-54,2021,2080,87300.0,0.10039746525401977,True
TREATED/EXAMINED AND RELEASED,55-64,2021,1706,75700.0,0.14031253899024693,True
TREATED/EXAMINED AND RELEASED,65-74,2021,1374,65900.0,0.21197484132032068,True
TREATED/EXAMINED AND RELEASED,75+,2021,842,41300.0,0.24397726295637498,True
TREATED AND TRANSFERRED,0-4,2021,14,,0.3318178882063973,False
TREATED AND TRANSFERRED,5-9,2021,30,1400.0,0.2799264062986651,True
TREATED AND TRANSFERRED,10-14,2021,54,2600.0,0.24785773035607198,True
TREATED AND TRANSFERRED,15-17,2021,53,2500.0,0.20736369418713538,True
TREATED AND TRANSFERRED,18-24,2021,19,,0.2628314737422865,False
TREATED AND TRANSFERRED,25-34,2021,22,,0.2849648027902198,False
TREATED AND TRANSFERRED,35-44,2021,14,,0.3120933638303146,False
TREATED AND TRANSFERRED,45-54,2021,7,,0.4215526702757062,False
TREATED AND TRANSFERRED,55-64,2021,12,,0.295190913845299,False
TREATED AND TRANSFERRED,65-74,2021,20,1400.0,0.2847102340205659,True
TREATED AND TRANSFERRED,75+,2021,15,,0.28709089407353056,False
TREATED AND ADMITTED/HOSPITALIZED,0-4,2021,120,,0.5000452342583817,False
TREATED AND ADMITTED/HOSPITALIZED,5-9,2021,190,2900.0,0.26759191122930903,True
TREATED AND ADMITTED/HOSPITALIZED,10-14,2021,430,6000.0,0.22697302406442638,True
TREATED AND ADMITTED/HOSPITALIZED,15-17,2021,250,5000.0,0.21357201122343242,True
TREATED AND ADMITTED/HOSPITALIZED,18-24,2021,206,7100.0,0.18769014181761567,True
TREATED AND ADMITTED/HOSPITALIZED,25-34,2021,186,7400.0,0.17092684556265364,True
TREATED AND ADMITTED/HOSPITALIZED,35-44,2021,145,5700.0,0.21351956086483198,True
TREATED AND ADMITTED/HOSPITALIZED,45-54,2021,161,6700.0,0.16830259468174802,True
TREATED AND ADMITTED/HOSPITALIZED,55-64,2021,209,9000.0,0.26049882215187703,True
TREATED AND ADMITTED/HOSPITALIZED,65-74,2021,269,,0.4004129635672017,False
TREATED AND ADMITTED/HOSPITALIZED,75+,2021,287,13300.0,0.32661432781627425,True
HELD FOR OBSERVATION,0-4,2021,10,,0.5952324965209183,False
HELD FOR OBSERVATION,5-9,2021,7,,0.45091435220575615,False
HELD FOR OBSERVATION,10-14,2021,19,,0.4435172863503276,False
HELD FOR OBSERVATION,15-17,2021,16,,0.4398012711505472,False
HELD FOR OBSERVATION,18-24,2021,33,,0.30200312984810307,False
HELD FOR OBSERVATION,25-34,2021,31,,0.3418605040061458,False
HELD FOR OBSERVATION,35-44,2021,20,,0.37547550624128834,False
HELD FOR OBSERVATION,45-54,2021,27,,0.3569456345582921,False
HELD FOR OBSERVATION,55-64,2021,29,,0.33297221420265605,False
HELD FOR OBSERVATION,65-74,2021,20,,0.26137261080171775,False
HELD FOR OBSERVATION,75+,2021,37,,0.3478929731130718,False
"FATALITY INCL. DOA, DIED IN ER",0-4,2021,9,,0.49054733411348733,False
"FATALITY INCL. DOA, DIED IN ER",5-9,2021,2,,0.9383537745884624,False
"FATALITY INCL. DOA, DIED IN ER",10-14,2021,2,,0.6614378277661477,False
"FATALITY INCL. DOA, DIED IN ER",15-17,2021,2,,0.9283488793597598,False
"FATALITY INCL. DOA, DIED IN ER",18-24,2021,0,,,False
"FATALITY INCL. DOA, DIED IN ER",25-34,2021,4,,0.5818028923401264,False
"FATALITY INCL. DOA, DIED IN ER",35-44,2021,4,,0.46111407394219545,False
"FATALITY INCL. DOA, DIED IN ER",45-54,2021,1,,1.0000000000000002,False
"FATALITY INCL. DOA, DIED IN ER",55-64,2021,4,,0.5205987870837729,False
"FATALITY INCL. DOA, DIED IN ER",65-74,2021,11,,0.48514189875439745,False
"FATALITY INCL. DOA, DIED IN ER",75+,2021,14,,0.4560169644357434,False
TREATED/EXAMINED AND RELEASED,0-4,2022,1348,40800.0,0.3102528396608374,True
TREATED/EXAMINED AND RELEASED,5-9,2022,5995,177600.0,0.23584712944847322,True
TREATED/EXAMINED AND RELEASED,10-14,2022,17453,521900.0,0.16004256527411223,True
TREATED/EXAMINED AND RELEASED,15-17,2022,10882,356000.0,0.13830206933560205,True
TREATED/EXAMINED AND RELEASED,18-24,2022,6658,280700.0,0.10440303980638493,True
TREATED/EXAMINED AND RELEASED,25-34,2022,4754,205100.0,0.09338586445686307,True
TREATED/EXAMINED AND RELEASED,35-44,2022,2946,134700.0,0.10338708935616685,True
TREATED/EXAMINED AND RELEASED,45-54,2022,2014,95300.0,0.10809132091179573,True
TREATED/EXAMINED AND RELEASED,55-64,2022,1732,87700.0,0.139590451755023,True
TREATED/EXAMINED AND RELEASED,65-74,2022,1326,70400.0,0.17680001682958274,True
TREATED/EXAMINED AND RELEASED,75+,2022,852,47500.0,0.2099179321532091,True
TREATED AND TRANSFERRED,0-4,2022,13,,0.30998833689805694,False
TREATED AND TRANSFERRED,5-9,2022,29,1500.0,0.2723576189918798,True
TREATED AND TRANSFERRED,10-14,2022,53,2800.0,0.226917685436207,True
TREATED AND TRANSFERRED,15-17,2022,43,2200.0,0.22785724565680263,True
TREATED AND TRANSFERRED,18-24,2022,26,1300.0,0.24858588744800278,True
TREATED AND TRANSFERRED,25-34,2022,23,,0.3579891903031661,False
TREATED AND TRANSFERRED,35-44,2022,11,,0.31041863160069844,False
TREATED AND TRANSFERRED,45-54,2022,9,,0.44031579929648945,False
TREATED AND TRANSFERRED,55-64,2022,11,,0.28819130776578905,False
TREATED AND TRANSFERRED,65-74,2022,16,,0.319125932912179,False
TREATED AND TRANSFERRED,75+,2022,14,,0.4665646104928327,False
TREATED AND ADMITTED/HOSPITALIZED,0-4,2022,97,,0.5091706963510544,False
TREATED AND ADMITTED/HOSPITALIZED,5-9,2022,194,3100.0,0.3057499121111086,True
TREATED AND ADMITTED/HOSPITALIZED,10-14,2022,442,6700.0,0.22291328912966404,True
TREATED AND ADMITTED/HOSPITALIZED,15-17,2022,283,6200.0,0.22157140738874506,True
TREATED AND ADMITTED/HOSPITALIZED,18-24,2022,182,7000.0,0.19271762975105342,True
TREATED AND ADMITTED/HOSPITALIZED,25-34,2022,171,7100.0,0.2150949384980042,True
TREATED AND ADMITTED/HOSPITALIZED,35-44,2022,137,5800.0,0.2247942016573106,True
TREATED AND ADMITTED/HOSPITALIZED,45-54,2022,162,7800.0,0.23543975272910672,True
TREATED AND ADMITTED/HOSPITALIZED,55-64,2022,193,,0.35559935520035524,False
TREATED AND ADMITTED/HOSPITALIZED,65-74,2022,315,,0.3947819525275423,False
TREATED AND ADMITTED/HOSPITALIZED,75+,2022,288,,0.4075021251528596,False
HELD FOR OBSERVATION,0-4,2022,9,,0.524018240696153,False
HELD FOR OBSERVATION,5-9,2022,11,,0.5066159693107185,False
HELD FOR OBSERVATION,10-14,2022,14,,0.40417752880803615,False
HELD FOR OBSERVATION,15-17,2022,5,,0.6257912163784611,False
HELD FOR OBSERVATION,18-24,2022,21,,0.3186262688190609,False
HELD FOR OBSERVATION,25-34,2022,24,,0.37516241705399545,False
HELD FOR OBSERVATION,35-44,2022,11,,0.3929814688365233,False
HELD FOR OBSERVATION,45-54,2022,17,,0.2794692828309334,False
HELD FOR OBSERVATION,55-64,2022,32,,0.3974739032932442,False
HELD FOR OBSERVATION,65-74,2022,20,,0.40429600705174545,False
HELD FOR OBSERVATION,75+,2022,28,,0.4056904965818601,False
"FATALITY INCL. DOA, DIED IN ER",0-4,2022,5,,0.6805216449800967,False
"FATALITY INCL. DOA, DIED IN ER",5-9,2022,2,,0.9165500259475651,False
"FATALITY INCL. DOA, DIED IN ER",10-14,2022,4,,0.6932385968271226,False
"FATALITY INCL. DOA, DIED IN ER",15-17,2022,0,,,False
"FATALITY INCL. DOA, DIED IN ER",18-24,2022,1,,1.0000000000000002,False
"FATALITY INCL. DOA, DIED IN ER",25-34,2022,2,,0.8173012906784912,False
"FATALITY INCL. DOA, DIED IN ER",35-44,2022,2,,0.7171674303873657,False
"FATALITY INCL. DOA, DIED IN ER",45-54,2022,3,,0.5469676349553306,False
"FATALITY INCL. DOA, DIED IN ER",55-64,2022,4,,0.6046441680537346,False
"FATALITY INCL. DOA, DIED IN ER",65-74,2022,5,,0.6652534830876696,False
"FATALITY INCL. DOA, DIED IN ER",75+,2022,10,,0.34532475593802175,False
TREATED/EXAMINED AND RELEASED,0-4,2023,1329,41700.0,0.30253975136128497,True
TREATED/EXAMINED AND RELEASED,5-9,2023,6313,180700.0,0.20219749510915602,True
TREATED/EXAMINED AND RELEASED,10-14,2023,17740,526800.0,0.1331930241421875,True
TREATED/EXAMINED AND RELEASED,15-17,2023,11715,380000.0,0.11747083114892452,True
TREATED/EXAMINED AND RELEASED,18-24,2023,7104,284800.0,0.09878586754211384,True
TREATED/EXAMINED AND RELEASED,25-34,2023,5514,223300.0,0.08585642228451211,True
TREATED/EXAMINED AND RELEASED,35-44,2023,3555,151400.0,0.09119998764206655,True
TREATED/EXAMINED AND RELEASED,45-54,2023,2318,101600.0,0.09762298465190486,True
TREATED/EXAMINED AND RELEASED,55-64,2023,1930,89800.0,0.1187871900397218,True
TREATED/EXAMINED AND RELEASED,65-74,2023,1615,77500.0,0.16329300473188504,True
TREATED/EXAMINED AND RELEASED,75+,2023,1020,52900.0,0.19974926810294721,True
TREATED AND TRANSFERRED,0-4,2023,15,,0.3017004625732191,False
TREATED AND TRANSFERRED,5-9,2023,36,1600.0,0.20027053546366025,True
TREATED AND TRANSFERRED,10-14,2023,78,4100.0,0.18513762095629774,True
TREATED AND TRANSFERRED,15-17,2023,54,3100.0,0.20930166277451873,True
TREATED AND TRANSFERRED,18-24,2023,28,,0.2735900522817197,False
TREATED AND TRANSFERRED,25-34,2023,14,,0.34882768924319196,False
TREATED AND TRANSFERRED,35-44,2023,12,,0.29274244247204007,False
TREATED AND TRANSFERRED,45-54,2023,28,1900.0,0.24718638459465517,True
TREATED AND TRANSFERRED,55-64,2023,21,1400.0,0.2959286294508077,True
TREATED AND TRANSFERRED,65-74,2023,28,1700.0,0.3049846459736178,True
TREATED AND TRANSFERRED,75+,2023,14,,0.32463531239186333,False
TREATED AND ADMITTED/HOSPITALIZED,0-4,2023,97,,0.4836392573391125,False
TREATED AND ADMITTED/HOSPITALIZED,5-9,2023,157,2700.0,0.24048795458443187,True
TREATED AND ADMITTED/HOSPITALIZED,10-14,2023,383,7200.0,0.2397576090154102,True
TREATED AND ADMITTED/HOSPITALIZED,15-17,2023,261,6700.0,0.25904237985146356,True
TREATED AND ADMITTED/HOSPITALIZED,18-24,2023,165,5900.0,0.1775702804818501,True
TREATED AND ADMITTED/HOSPITALIZED,25-34,2023,176,6500.0,0.197697144514035,True
TREATED AND ADMITTED/HOSPITALIZED,35-44,2023,168,7800.0,0.2653039555245114,True
TREATED AND ADMITTED/HOSPITALIZED,45-54,2023,158,7600.0,0.20423504934494272,True
TREATED AND ADMITTED/HOSPITALIZED,55-64,2023,259,12800.0,0.29694281988546245,True
TREATED AND ADMITTED/HOSPITALIZED,65-74,2023,370,,0.3685905878000691,False
TREATED AND ADMITTED/HOSPITALIZED,75+,2023,368,,0.49513180225316417,False
HELD FOR OBSERVATION,0-4,2023,1,,0.9999999999999999,False
HELD FOR OBSERVATION,5-9,2023,7,,0.5543013755388553,False
HELD FOR OBSERVATION,10-14,2023,21,,0.39054091471669394,False
HELD FOR OBSERVATION,15-17,2023,8,,0.7152126050261784,False
HELD FOR OBSERVATION,18-24,2023,24,,0.3240651716468673,False
HELD FOR OBSERVATION,25-34,2023,21,,0.38712556299606415,False
HELD FOR OBSERVATION,35-44,2023,29,,0.279555366459605,False
HELD FOR OBSERVATION,45-54,2023,23,,0.3481928288557559,False
HELD FOR OBSERVATION,55-64,2023,20,,0.359853918836562,False
HELD FOR OBSERVATION,65-74,2023,31,,0.2923342471667628,False
HELD FOR OBSERVATION,75+,2023,35,,0.37176370492427435,False
"FATALITY INCL. DOA, DIED IN ER",0-4,2023,0,,,False
"FATALITY INCL. DOA, DIED IN ER",5-9,2023,0,,,False
"FATALITY INCL. DOA, DIED IN ER",10-14,2023,2,,0.8094394223020618,False
"FATALITY INCL. DOA, DIED IN ER",15-17,2023,1,,1.0,False
"FATALITY INCL. DOA, DIED IN ER",18-24,2023,2,,0.688498579939232,False
"FATALITY INCL. DOA, DIED IN ER",25-34,2023,2,,0.6893055683218856,False
"FATALITY INCL. DOA, DIED IN ER",35-44,2023,3,,0.7268190597283593,False
"FATALITY INCL. DOA, DIED IN ER",45-54,2023,4,,0.5860291088730628,False
"FATALITY INCL. DOA, DIED IN ER",55-64,2023,2,,0.8412979561324841,False
"FATALITY INCL. DOA, DIED IN ER",65-74,2023,5,,0.544420519393314,False
"FATALITY INCL. DOA, DIED IN ER",75+,2023,1,,1.0,False
TREATED/EXAMINED AND RELEASED,0-4,2024,1610,46600.0,0.14297650069644657,True
TREATED/EXAMINED AND RELEASED,5-9,2024,6929,202000.0,0.12042647067416527,True
TREATED/EXAMINED AND RELEASED,10-14,2024,19939,625400.0,0.08874508911953286,True
TREATED/EXAMINED AND RELEASED,15-17,2024,12568,437100.0,0.08613817497892019,True
TREATED/EXAMINED AND RELEASED,18-24,2024,7307,355400.0,0.11569587476603602,True
TREATED/EXAMINED AND RELEASED,25-34,2024,5422,259100.0,0.08712850197420728,True
TREATED/EXAMINED AND RELEASED,35-44,2024,3745,183800.0,0.08785374612026393,True
TREATED/EXAMINED AND RELEASED,45-54,2024,2416,120200.0,0.09642990991699804,True
TREATED/EXAMINED AND RELEASED,55-64,2024,2050,106800.0,0.11847337895125623,True
TREATED/EXAMINED AND RELEASED,65-74,2024,1822,98300.0,0.1362899632993097,True
TREATED/EXAMINED AND RELEASED,75+,2024,1261,65400.0,0.16130480792066082,True
TREATED AND TRANSFERRED,0-4,2024,25,1400.0,0.24841781663074017,True
TREATED AND TRANSFERRED,5-9,2024,42,1900.0,0.22103807152380067,True
TREATED AND TRANSFERRED,10-14,2024,101,4900.0,0.21623803778148146,True
TREATED AND TRANSFERRED,15-17,2024,44,2900.0,0.1914980874144296,True
TREATED AND TRANSFERRED,18-24,2024,30,1600.0,0.23790586634018332,True
TREATED AND TRANSFERRED,25-34,2024,19,,0.331014232973434,False
TREATED AND TRANSFERRED,35-44,2024,17,,0.29285406325474855,False
TREATED AND TRANSFERRED,45-54,2024,17,,0.3077067604181682,False
TREATED AND TRANSFERRED,55-64,2024,22,,0.2991858332998561,False
TREATED AND TRANSFERRED,65-74,2024,31,2000.0,0.25029815139790296,True
TREATED AND TRANSFERRED,75+,2024,32,1800.0,0.26965857175417757,True
TREATED AND ADMITTED/HOSPITALIZED,0-4,2024,124,,0.44727482546924313,False
TREATED AND ADMITTED/HOSPITALIZED,5-9,2024,206,3600.0,0.2941525200366948,True
TREATED AND ADMITTED/HOSPITALIZED,10-14,2024,441,7200.0,0.24592518410663256,True
TREATED AND ADMITTED/HOSPITALIZED,15-17,2024,328,7100.0,0.2146982311227666,True
TREATED AND ADMITTED/HOSPITALIZED,18-24,2024,222,9600.0,0.17595444063828755,True
TREATED AND ADMITTED/HOSPITALIZED,25-34,2024,203,8900.0,0.1704903329156777,True
TREATED AND ADMITTED/HOSPITALIZED,35-44,2024,153,7600.0,0.20370933555297838,True
TREATED AND ADMITTED/HOSPITALIZED,45-54,2024,184,8800.0,0.21114861968417936,True
TREATED AND ADMITTED/HOSPITALIZED,55-64,2024,274,13200.0,0.24374251598366195,True
TREATED AND ADMITTED/HOSPITALIZED,65-74,2024,375,18400.0,0.3022468855020381,True
TREATED AND ADMITTED/HOSPITALIZED,75+,2024,446,22000.0,0.31211455030372015,True
HELD FOR OBSERVATION,0-4,2024,3,,0.796008447530952,False
HELD FOR OBSERVATION,5-9,2024,4,,0.5706063632932558,False
HELD FOR OBSERVATION,10-14,2024,13,,0.594168771629918,False
HELD FOR OBSERVATION,15-17,2024,8,,0.5049837856561402,False
HELD FOR OBSERVATION,18-24,2024,19,,0.4130217054222724,False
HELD FOR OBSERVATION,25-34,2024,25,,0.34043713276184,False
HELD FOR OBSERVATION,35-44,2024,34,1600.0,0.2777772226311098,True
HELD FOR OBSERVATION,45-54,2024,25,,0.387104686847336,False
HELD FOR OBSERVATION,55-64,2024,30,,0.45397479820335923,False
HELD FOR OBSERVATION,65-74,2024,39,1900.0,0.30946951001797207,True
HELD FOR OBSERVATION,75+,2024,36,,0.46237717179002835,False
"FATALITY INCL. DOA, DIED IN ER",0-4,2024,6,,0.46677508104127324,False
"FATALITY INCL. DOA, DIED IN ER",5-9,2024,2,,0.6546536707079771,False
"FATALITY INCL. DOA, DIED IN ER",10-14,2024,1,,1.0000000000000002,False
"FATALITY INCL. DOA, DIED IN ER",15-17,2024,1,,0.9999999999999999,False
"FATALITY INCL. DOA, DIED IN ER",18-24,2024,0,,,False
"FATALITY INCL. DOA, DIED IN ER",25-34,2024,1,,1.0000000000000002,False
"FATALITY INCL. DOA, DIED IN ER",35-44,2024,1,,1.0000000000000002,False
"FATALITY INCL. DOA, DIED IN ER",45-54,2024,2,,0.7376941904932769,False
"FATALITY INCL. DOA, DIED IN ER",55-64,2024,5,,0.43989078065786813,False
"FATALITY INCL. DOA, DIED IN ER",65-74,2024,9,,0.42863093088827303,False
"FATALITY INCL. DOA, DIED IN ER",75+,2024,4,,0.5554001031161662,False
TREATED/EXAMINED AND RELEASED,0-4,2025,1748,45600.0,0.18708313828142045,True
TREATED/EXAMINED AND RELEASED,5-9,2025,7584,207000.0,0.14856045941108223,True
TREATED/EXAMINED AND RELEASED,10-14,2025,21087,617100.0,0.1003037108393974,True
TREATED/EXAMINED AND RELEASED,15-17,2025,13094,421000.0,0.08767651927954917,True
TREATED/EXAMINED AND RELEASED,18-24,2025,7523,351500.0,0.11641137093445315,True
TREATED/EXAMINED AND RELEASED,25-34,2025,5602,259500.0,0.09347819721795045,True
TREATED/EXAMINED AND RELEASED,35-44,2025,3973,187500.0,0.09635755437487081,True
TREATED/EXAMINED AND RELEASED,45-54,2025,2478,122400.0,0.10875597722437186,True
TREATED/EXAMINED AND RELEASED,55-64,2025,2259,110200.0,0.1166282672954444,True
TREATED/EXAMINED AND RELEASED,65-74,2025,2044,100400.0,0.13800629560265132,True
TREATED/EXAMINED AND RELEASED,75+,2025,1418,69200.0,0.17002231239801283,True
TREATED AND TRANSFERRED,0-4,2025,11,,0.39705803718856886,False
TREATED AND TRANSFERRED,5-9,2025,56,2900.0,0.18289131367452305,True
TREATED AND TRANSFERRED,10-14,2025,94,5400.0,0.17276410599646766,True
TREATED AND TRANSFERRED,15-17,2025,53,2400.0,0.22002641568288622,True
TREATED AND TRANSFERRED,18-24,2025,37,1800.0,0.24192011124170298,True
TREATED AND TRANSFERRED,25-34,2025,23,1200.0,0.22224915848177698,True
TREATED AND TRANSFERRED,35-44,2025,22,,0.27930155241061594,False
TREATED AND TRANSFERRED,45-54,2025,24,1600.0,0.26500083036732963,True
TREATED AND TRANSFERRED,55-64,2025,21,,0.3530802980389789,False
TREATED AND TRANSFERRED,65-74,2025,29,1400.0,0.2747304016545152,True
TREATED AND TRANSFERRED,75+,2025,25,1400.0,0.2689148792767688,True
TREATED AND ADMITTED/HOSPITALIZED,0-4,2025,119,,0.45748360538292787,False
TREATED AND ADMITTED/HOSPITALIZED,5-9,2025,230,4400.0,0.27961371504005517,True
TREATED AND ADMITTED/HOSPITALIZED,10-14,2025,596,9200.0,0.23460789056784448,True
TREATED AND ADMITTED/HOSPITALIZED,15-17,2025,321,7300.0,0.18265047403229603,True
TREATED AND ADMITTED/HOSPITALIZED,18-24,2025,256,11000.0,0.18403860632965605,True
TREATED AND ADMITTED/HOSPITALIZED,25-34,2025,233,9800.0,0.18766736123490876,True
TREATED AND ADMITTED/HOSPITALIZED,35-44,2025,169,6800.0,0.18389123377657693,True
TREATED AND ADMITTED/HOSPITALIZED,45-54,2025,205,8900.0,0.19436834128083427,True
TREATED AND ADMITTED/HOSPITALIZED,55-64,2025,305,13700.0,0.27751325857850806,True
TREATED AND ADMITTED/HOSPITALIZED,65-74,2025,452,21200.0,0.2899489532483298,True
TREATED AND ADMITTED/HOSPITALIZED,75+,2025,547,,0.33406417345363715,False
HELD FOR OBSERVATION,0-4,2025,4,,0.557212441451068,False
HELD FOR OBSERVATION,5-9,2025,6,,0.569120527646539,False
HELD FOR OBSERVATION,10-14,2025,23,,0.4921028553598207,False
HELD FOR OBSERVATION,15-17,2025,26,,0.592457623706483,False
HELD FOR OBSERVATION,18-24,2025,20,,0.3905357532218071,False
HELD FOR OBSERVATION,25-34,2025,22,,0.34862512524468803,False
HELD FOR OBSERVATION,35-44,2025,23,,0.38690855661226886,False
HELD FOR OBSERVATION,45-54,2025,25,,0.30870180669227915,False
HELD FOR OBSERVATION,55-64,2025,39,,0.43695949023543945,False
HELD FOR OBSERVATION,65-74,2025,46,,0.40520238127829517,False
HELD FOR OBSERVATION,75+,2025,54,,0.37535474477747355,False
"FATALITY INCL. DOA, DIED IN ER",0-4,2025,5,,0.5201766004585986,False
"FATALITY INCL. DOA, DIED IN ER",5-9,2025,2,,0.8874542404896227,False
"FATALITY INCL. DOA, DIED IN ER",10-14,2025,2,,0.8230585310235806,False
"FATALITY INCL. DOA, DIED IN ER",15-17,2025,1,,1.0,False
"FATALITY INCL. DOA, DIED IN ER",18-24,2025,1,,1.0000000000000002,False
"FATALITY INCL. DOA, DIED IN ER",25-34,2025,4,,0.4190746633565708,False
"FATALITY INCL. DOA, DIED IN ER",35-44,2025,4,,0.6911286291157834,False
"FATALITY INCL. DOA, DIED IN ER",45-54,2025,4,,0.5022137051778319,False
"FATALITY INCL. DOA, DIED IN ER",55-64,2025,6,,0.47611986896857483,False
"FATALITY INCL. DOA, DIED IN ER",65-74,2025,9,,0.4132232246953588,False
"FATALITY INCL. DOA, DIED IN ER",75+,2025,4,,0.5435683915160668,False
