Activity,Profile_Age,n,denominator_n,percent,reportable,reason
Basketball,0-4,645,113358,0.6,True,sample descriptive percentage; n >=20
Basketball,5-9,6339,113358,5.6,True,sample descriptive percentage; n >=20
Basketball,10-14,38679,113358,34.1,True,sample descriptive percentage; n >=20
Basketball,15-19,38058,113358,33.6,True,sample descriptive percentage; n >=20
Basketball,20-24,11466,113358,10.1,True,sample descriptive percentage; n >=20
Basketball,25-29,6436,113358,5.7,True,sample descriptive percentage; n >=20
Basketball,30-34,4211,113358,3.7,True,sample descriptive percentage; n >=20
Basketball,35-39,2832,113358,2.5,True,sample descriptive percentage; n >=20
Basketball,40-44,1733,113358,1.5,True,sample descriptive percentage; n >=20
Basketball,45-49,1114,113358,1.0,True,sample descriptive percentage; n >=20
Basketball,50-54,688,113358,0.6,True,sample descriptive percentage; n >=20
Basketball,55-59,437,113358,0.4,True,sample descriptive percentage; n >=20
Basketball,60-64,312,113358,0.3,True,sample descriptive percentage; n >=20
Basketball,65-69,187,113358,0.2,True,sample descriptive percentage; n >=20
Basketball,70-74,101,113358,0.1,True,sample descriptive percentage; n >=20
Basketball,75-79,63,113358,0.1,True,sample descriptive percentage; n >=20
Basketball,80+,57,113358,0.1,True,sample descriptive percentage; n >=20
Exercise/fitness,0-4,2045,91036,2.2,True,sample descriptive percentage; n >=20
Exercise/fitness,5-9,3954,91036,4.3,True,sample descriptive percentage; n >=20
Exercise/fitness,10-14,6980,91036,7.7,True,sample descriptive percentage; n >=20
Exercise/fitness,15-19,7630,91036,8.4,True,sample descriptive percentage; n >=20
Exercise/fitness,20-24,7761,91036,8.5,True,sample descriptive percentage; n >=20
Exercise/fitness,25-29,7591,91036,8.3,True,sample descriptive percentage; n >=20
Exercise/fitness,30-34,7057,91036,7.8,True,sample descriptive percentage; n >=20
Exercise/fitness,35-39,6412,91036,7.0,True,sample descriptive percentage; n >=20
Exercise/fitness,40-44,5398,91036,5.9,True,sample descriptive percentage; n >=20
Exercise/fitness,45-49,5144,91036,5.7,True,sample descriptive percentage; n >=20
Exercise/fitness,50-54,5127,91036,5.6,True,sample descriptive percentage; n >=20
Exercise/fitness,55-59,5089,91036,5.6,True,sample descriptive percentage; n >=20
Exercise/fitness,60-64,4739,91036,5.2,True,sample descriptive percentage; n >=20
Exercise/fitness,65-69,4813,91036,5.3,True,sample descriptive percentage; n >=20
Exercise/fitness,70-74,4015,91036,4.4,True,sample descriptive percentage; n >=20
Exercise/fitness,75-79,3022,91036,3.3,True,sample descriptive percentage; n >=20
Exercise/fitness,80+,4259,91036,4.7,True,sample descriptive percentage; n >=20
Football,0-4,334,89908,0.4,True,sample descriptive percentage; n >=20
Football,5-9,9674,89908,10.8,True,sample descriptive percentage; n >=20
Football,10-14,42958,89908,47.8,True,sample descriptive percentage; n >=20
Football,15-19,27811,89908,30.9,True,sample descriptive percentage; n >=20
Football,20-24,3389,89908,3.8,True,sample descriptive percentage; n >=20
Football,25-29,2102,89908,2.3,True,sample descriptive percentage; n >=20
Football,30-34,1398,89908,1.6,True,sample descriptive percentage; n >=20
Football,35-39,840,89908,0.9,True,sample descriptive percentage; n >=20
Football,40-44,522,89908,0.6,True,sample descriptive percentage; n >=20
Football,45-49,290,89908,0.3,True,sample descriptive percentage; n >=20
Football,50-54,209,89908,0.2,True,sample descriptive percentage; n >=20
Football,55-59,146,89908,0.2,True,sample descriptive percentage; n >=20
Football,60-64,99,89908,0.1,True,sample descriptive percentage; n >=20
Football,65-69,66,89908,0.1,True,sample descriptive percentage; n >=20
Football,70-74,36,89908,0.0,True,sample descriptive percentage; n >=20
Football,75-79,21,89908,0.0,True,sample descriptive percentage; n >=20
Football,80+,13,89908,,False,sample n <20 or no denominator
Soccer,0-4,786,68252,1.2,True,sample descriptive percentage; n >=20
Soccer,5-9,8365,68252,12.3,True,sample descriptive percentage; n >=20
Soccer,10-14,27072,68252,39.7,True,sample descriptive percentage; n >=20
Soccer,15-19,19202,68252,28.1,True,sample descriptive percentage; n >=20
Soccer,20-24,4346,68252,6.4,True,sample descriptive percentage; n >=20
Soccer,25-29,2677,68252,3.9,True,sample descriptive percentage; n >=20
Soccer,30-34,1995,68252,2.9,True,sample descriptive percentage; n >=20
Soccer,35-39,1353,68252,2.0,True,sample descriptive percentage; n >=20
Soccer,40-44,1000,68252,1.5,True,sample descriptive percentage; n >=20
Soccer,45-49,612,68252,0.9,True,sample descriptive percentage; n >=20
Soccer,50-54,373,68252,0.5,True,sample descriptive percentage; n >=20
Soccer,55-59,174,68252,0.3,True,sample descriptive percentage; n >=20
Soccer,60-64,125,68252,0.2,True,sample descriptive percentage; n >=20
Soccer,65-69,74,68252,0.1,True,sample descriptive percentage; n >=20
Soccer,70-74,42,68252,0.1,True,sample descriptive percentage; n >=20
Soccer,75-79,36,68252,0.1,True,sample descriptive percentage; n >=20
Soccer,80+,20,68252,0.0,True,sample descriptive percentage; n >=20
Swimming/diving,0-4,6432,46621,13.8,True,sample descriptive percentage; n >=20
Swimming/diving,5-9,12055,46621,25.9,True,sample descriptive percentage; n >=20
Swimming/diving,10-14,10110,46621,21.7,True,sample descriptive percentage; n >=20
Swimming/diving,15-19,4449,46621,9.5,True,sample descriptive percentage; n >=20
Swimming/diving,20-24,2078,46621,4.5,True,sample descriptive percentage; n >=20
Swimming/diving,25-29,1605,46621,3.4,True,sample descriptive percentage; n >=20
Swimming/diving,30-34,1488,46621,3.2,True,sample descriptive percentage; n >=20
Swimming/diving,35-39,1342,46621,2.9,True,sample descriptive percentage; n >=20
Swimming/diving,40-44,1138,46621,2.4,True,sample descriptive percentage; n >=20
Swimming/diving,45-49,973,46621,2.1,True,sample descriptive percentage; n >=20
Swimming/diving,50-54,940,46621,2.0,True,sample descriptive percentage; n >=20
Swimming/diving,55-59,894,46621,1.9,True,sample descriptive percentage; n >=20
Swimming/diving,60-64,819,46621,1.8,True,sample descriptive percentage; n >=20
Swimming/diving,65-69,749,46621,1.6,True,sample descriptive percentage; n >=20
Swimming/diving,70-74,589,46621,1.3,True,sample descriptive percentage; n >=20
Swimming/diving,75-79,434,46621,0.9,True,sample descriptive percentage; n >=20
Swimming/diving,80+,526,46621,1.1,True,sample descriptive percentage; n >=20
Baseball/softball,0-4,893,40874,2.2,True,sample descriptive percentage; n >=20
Baseball/softball,5-9,5329,40874,13.0,True,sample descriptive percentage; n >=20
Baseball/softball,10-14,14475,40874,35.4,True,sample descriptive percentage; n >=20
Baseball/softball,15-19,10281,40874,25.2,True,sample descriptive percentage; n >=20
Baseball/softball,20-24,1881,40874,4.6,True,sample descriptive percentage; n >=20
Baseball/softball,25-29,1502,40874,3.7,True,sample descriptive percentage; n >=20
Baseball/softball,30-34,1514,40874,3.7,True,sample descriptive percentage; n >=20
Baseball/softball,35-39,1304,40874,3.2,True,sample descriptive percentage; n >=20
Baseball/softball,40-44,991,40874,2.4,True,sample descriptive percentage; n >=20
Baseball/softball,45-49,773,40874,1.9,True,sample descriptive percentage; n >=20
Baseball/softball,50-54,577,40874,1.4,True,sample descriptive percentage; n >=20
Baseball/softball,55-59,392,40874,1.0,True,sample descriptive percentage; n >=20
Baseball/softball,60-64,305,40874,0.7,True,sample descriptive percentage; n >=20
Baseball/softball,65-69,273,40874,0.7,True,sample descriptive percentage; n >=20
Baseball/softball,70-74,198,40874,0.5,True,sample descriptive percentage; n >=20
Baseball/softball,75-79,116,40874,0.3,True,sample descriptive percentage; n >=20
Baseball/softball,80+,70,40874,0.2,True,sample descriptive percentage; n >=20
Weight training,0-4,998,25585,3.9,True,sample descriptive percentage; n >=20
Weight training,5-9,714,25585,2.8,True,sample descriptive percentage; n >=20
Weight training,10-14,1729,25585,6.8,True,sample descriptive percentage; n >=20
Weight training,15-19,5090,25585,19.9,True,sample descriptive percentage; n >=20
Weight training,20-24,3344,25585,13.1,True,sample descriptive percentage; n >=20
Weight training,25-29,2818,25585,11.0,True,sample descriptive percentage; n >=20
Weight training,30-34,2479,25585,9.7,True,sample descriptive percentage; n >=20
Weight training,35-39,2045,25585,8.0,True,sample descriptive percentage; n >=20
Weight training,40-44,1489,25585,5.8,True,sample descriptive percentage; n >=20
Weight training,45-49,1235,25585,4.8,True,sample descriptive percentage; n >=20
Weight training,50-54,1079,25585,4.2,True,sample descriptive percentage; n >=20
Weight training,55-59,806,25585,3.2,True,sample descriptive percentage; n >=20
Weight training,60-64,586,25585,2.3,True,sample descriptive percentage; n >=20
Weight training,65-69,445,25585,1.7,True,sample descriptive percentage; n >=20
Weight training,70-74,303,25585,1.2,True,sample descriptive percentage; n >=20
Weight training,75-79,221,25585,0.9,True,sample descriptive percentage; n >=20
Weight training,80+,204,25585,0.8,True,sample descriptive percentage; n >=20
Other sport/recreation,0-4,450,24858,1.8,True,sample descriptive percentage; n >=20
Other sport/recreation,5-9,4482,24858,18.0,True,sample descriptive percentage; n >=20
Other sport/recreation,10-14,10069,24858,40.5,True,sample descriptive percentage; n >=20
Other sport/recreation,15-19,5379,24858,21.6,True,sample descriptive percentage; n >=20
Other sport/recreation,20-24,1636,24858,6.6,True,sample descriptive percentage; n >=20
Other sport/recreation,25-29,873,24858,3.5,True,sample descriptive percentage; n >=20
Other sport/recreation,30-34,609,24858,2.4,True,sample descriptive percentage; n >=20
Other sport/recreation,35-39,352,24858,1.4,True,sample descriptive percentage; n >=20
Other sport/recreation,40-44,263,24858,1.1,True,sample descriptive percentage; n >=20
Other sport/recreation,45-49,155,24858,0.6,True,sample descriptive percentage; n >=20
Other sport/recreation,50-54,162,24858,0.7,True,sample descriptive percentage; n >=20
Other sport/recreation,55-59,137,24858,0.6,True,sample descriptive percentage; n >=20
Other sport/recreation,60-64,91,24858,0.4,True,sample descriptive percentage; n >=20
Other sport/recreation,65-69,83,24858,0.3,True,sample descriptive percentage; n >=20
Other sport/recreation,70-74,49,24858,0.2,True,sample descriptive percentage; n >=20
Other sport/recreation,75-79,44,24858,0.2,True,sample descriptive percentage; n >=20
Other sport/recreation,80+,24,24858,0.1,True,sample descriptive percentage; n >=20
Combat sports,0-4,102,23486,0.4,True,sample descriptive percentage; n >=20
Combat sports,5-9,1778,23486,7.6,True,sample descriptive percentage; n >=20
Combat sports,10-14,6179,23486,26.3,True,sample descriptive percentage; n >=20
Combat sports,15-19,7797,23486,33.2,True,sample descriptive percentage; n >=20
Combat sports,20-24,2190,23486,9.3,True,sample descriptive percentage; n >=20
Combat sports,25-29,1750,23486,7.5,True,sample descriptive percentage; n >=20
Combat sports,30-34,1212,23486,5.2,True,sample descriptive percentage; n >=20
Combat sports,35-39,851,23486,3.6,True,sample descriptive percentage; n >=20
Combat sports,40-44,585,23486,2.5,True,sample descriptive percentage; n >=20
Combat sports,45-49,397,23486,1.7,True,sample descriptive percentage; n >=20
Combat sports,50-54,258,23486,1.1,True,sample descriptive percentage; n >=20
Combat sports,55-59,148,23486,0.6,True,sample descriptive percentage; n >=20
Combat sports,60-64,112,23486,0.5,True,sample descriptive percentage; n >=20
Combat sports,65-69,65,23486,0.3,True,sample descriptive percentage; n >=20
Combat sports,70-74,23,23486,0.1,True,sample descriptive percentage; n >=20
Combat sports,75-79,22,23486,0.1,True,sample descriptive percentage; n >=20
Combat sports,80+,17,23486,,False,sample n <20 or no denominator
Other ball sports,0-4,2136,20523,10.4,True,sample descriptive percentage; n >=20
Other ball sports,5-9,4188,20523,20.4,True,sample descriptive percentage; n >=20
Other ball sports,10-14,6382,20523,31.1,True,sample descriptive percentage; n >=20
Other ball sports,15-19,1858,20523,9.1,True,sample descriptive percentage; n >=20
Other ball sports,20-24,557,20523,2.7,True,sample descriptive percentage; n >=20
Other ball sports,25-29,592,20523,2.9,True,sample descriptive percentage; n >=20
Other ball sports,30-34,563,20523,2.7,True,sample descriptive percentage; n >=20
Other ball sports,35-39,417,20523,2.0,True,sample descriptive percentage; n >=20
Other ball sports,40-44,361,20523,1.8,True,sample descriptive percentage; n >=20
Other ball sports,45-49,288,20523,1.4,True,sample descriptive percentage; n >=20
Other ball sports,50-54,321,20523,1.6,True,sample descriptive percentage; n >=20
Other ball sports,55-59,386,20523,1.9,True,sample descriptive percentage; n >=20
Other ball sports,60-64,532,20523,2.6,True,sample descriptive percentage; n >=20
Other ball sports,65-69,716,20523,3.5,True,sample descriptive percentage; n >=20
Other ball sports,70-74,564,20523,2.7,True,sample descriptive percentage; n >=20
Other ball sports,75-79,371,20523,1.8,True,sample descriptive percentage; n >=20
Other ball sports,80+,291,20523,1.4,True,sample descriptive percentage; n >=20
Gymnastics/cheerleading,0-4,700,19322,3.6,True,sample descriptive percentage; n >=20
Gymnastics/cheerleading,5-9,4939,19322,25.6,True,sample descriptive percentage; n >=20
Gymnastics/cheerleading,10-14,8068,19322,41.8,True,sample descriptive percentage; n >=20
Gymnastics/cheerleading,15-19,4855,19322,25.1,True,sample descriptive percentage; n >=20
Gymnastics/cheerleading,20-24,358,19322,1.9,True,sample descriptive percentage; n >=20
Gymnastics/cheerleading,25-29,127,19322,0.7,True,sample descriptive percentage; n >=20
Gymnastics/cheerleading,30-34,97,19322,0.5,True,sample descriptive percentage; n >=20
Gymnastics/cheerleading,35-39,62,19322,0.3,True,sample descriptive percentage; n >=20
Gymnastics/cheerleading,40-44,40,19322,0.2,True,sample descriptive percentage; n >=20
Gymnastics/cheerleading,45-49,23,19322,0.1,True,sample descriptive percentage; n >=20
Gymnastics/cheerleading,50-54,18,19322,,False,sample n <20 or no denominator
Gymnastics/cheerleading,55-59,11,19322,,False,sample n <20 or no denominator
Gymnastics/cheerleading,60-64,10,19322,,False,sample n <20 or no denominator
Gymnastics/cheerleading,65-69,4,19322,,False,sample n <20 or no denominator
Gymnastics/cheerleading,70-74,4,19322,,False,sample n <20 or no denominator
Gymnastics/cheerleading,75-79,4,19322,,False,sample n <20 or no denominator
Gymnastics/cheerleading,80+,2,19322,,False,sample n <20 or no denominator
Volleyball,0-4,23,14726,0.2,True,sample descriptive percentage; n >=20
Volleyball,5-9,266,14726,1.8,True,sample descriptive percentage; n >=20
Volleyball,10-14,5624,14726,38.2,True,sample descriptive percentage; n >=20
Volleyball,15-19,5752,14726,39.1,True,sample descriptive percentage; n >=20
Volleyball,20-24,847,14726,5.8,True,sample descriptive percentage; n >=20
Volleyball,25-29,538,14726,3.7,True,sample descriptive percentage; n >=20
Volleyball,30-34,422,14726,2.9,True,sample descriptive percentage; n >=20
Volleyball,35-39,332,14726,2.3,True,sample descriptive percentage; n >=20
Volleyball,40-44,265,14726,1.8,True,sample descriptive percentage; n >=20
Volleyball,45-49,196,14726,1.3,True,sample descriptive percentage; n >=20
Volleyball,50-54,138,14726,0.9,True,sample descriptive percentage; n >=20
Volleyball,55-59,102,14726,0.7,True,sample descriptive percentage; n >=20
Volleyball,60-64,74,14726,0.5,True,sample descriptive percentage; n >=20
Volleyball,65-69,54,14726,0.4,True,sample descriptive percentage; n >=20
Volleyball,70-74,36,14726,0.2,True,sample descriptive percentage; n >=20
Volleyball,75-79,27,14726,0.2,True,sample descriptive percentage; n >=20
Volleyball,80+,30,14726,0.2,True,sample descriptive percentage; n >=20
Snow sports,0-4,59,12717,0.5,True,sample descriptive percentage; n >=20
Snow sports,5-9,583,12717,4.6,True,sample descriptive percentage; n >=20
Snow sports,10-14,2431,12717,19.1,True,sample descriptive percentage; n >=20
Snow sports,15-19,2357,12717,18.5,True,sample descriptive percentage; n >=20
Snow sports,20-24,1983,12717,15.6,True,sample descriptive percentage; n >=20
Snow sports,25-29,1325,12717,10.4,True,sample descriptive percentage; n >=20
Snow sports,30-34,744,12717,5.9,True,sample descriptive percentage; n >=20
Snow sports,35-39,562,12717,4.4,True,sample descriptive percentage; n >=20
Snow sports,40-44,554,12717,4.4,True,sample descriptive percentage; n >=20
Snow sports,45-49,504,12717,4.0,True,sample descriptive percentage; n >=20
Snow sports,50-54,386,12717,3.0,True,sample descriptive percentage; n >=20
Snow sports,55-59,367,12717,2.9,True,sample descriptive percentage; n >=20
Snow sports,60-64,329,12717,2.6,True,sample descriptive percentage; n >=20
Snow sports,65-69,251,12717,2.0,True,sample descriptive percentage; n >=20
Snow sports,70-74,171,12717,1.3,True,sample descriptive percentage; n >=20
Snow sports,75-79,69,12717,0.5,True,sample descriptive percentage; n >=20
Snow sports,80+,42,12717,0.3,True,sample descriptive percentage; n >=20
Hockey,0-4,67,12258,0.5,True,sample descriptive percentage; n >=20
Hockey,5-9,863,12258,7.0,True,sample descriptive percentage; n >=20
Hockey,10-14,4033,12258,32.9,True,sample descriptive percentage; n >=20
Hockey,15-19,4013,12258,32.7,True,sample descriptive percentage; n >=20
Hockey,20-24,915,12258,7.5,True,sample descriptive percentage; n >=20
Hockey,25-29,526,12258,4.3,True,sample descriptive percentage; n >=20
Hockey,30-34,506,12258,4.1,True,sample descriptive percentage; n >=20
Hockey,35-39,334,12258,2.7,True,sample descriptive percentage; n >=20
Hockey,40-44,266,12258,2.2,True,sample descriptive percentage; n >=20
Hockey,45-49,195,12258,1.6,True,sample descriptive percentage; n >=20
Hockey,50-54,177,12258,1.4,True,sample descriptive percentage; n >=20
Hockey,55-59,146,12258,1.2,True,sample descriptive percentage; n >=20
Hockey,60-64,120,12258,1.0,True,sample descriptive percentage; n >=20
Hockey,65-69,49,12258,0.4,True,sample descriptive percentage; n >=20
Hockey,70-74,25,12258,0.2,True,sample descriptive percentage; n >=20
Hockey,75-79,14,12258,,False,sample n <20 or no denominator
Hockey,80+,9,12258,,False,sample n <20 or no denominator
Fishing,0-4,426,11583,3.7,True,sample descriptive percentage; n >=20
Fishing,5-9,997,11583,8.6,True,sample descriptive percentage; n >=20
Fishing,10-14,1488,11583,12.8,True,sample descriptive percentage; n >=20
Fishing,15-19,976,11583,8.4,True,sample descriptive percentage; n >=20
Fishing,20-24,677,11583,5.8,True,sample descriptive percentage; n >=20
Fishing,25-29,657,11583,5.7,True,sample descriptive percentage; n >=20
Fishing,30-34,676,11583,5.8,True,sample descriptive percentage; n >=20
Fishing,35-39,716,11583,6.2,True,sample descriptive percentage; n >=20
Fishing,40-44,645,11583,5.6,True,sample descriptive percentage; n >=20
Fishing,45-49,715,11583,6.2,True,sample descriptive percentage; n >=20
Fishing,50-54,734,11583,6.3,True,sample descriptive percentage; n >=20
Fishing,55-59,781,11583,6.7,True,sample descriptive percentage; n >=20
Fishing,60-64,655,11583,5.7,True,sample descriptive percentage; n >=20
Fishing,65-69,568,11583,4.9,True,sample descriptive percentage; n >=20
Fishing,70-74,432,11583,3.7,True,sample descriptive percentage; n >=20
Fishing,75-79,236,11583,2.0,True,sample descriptive percentage; n >=20
Fishing,80+,204,11583,1.8,True,sample descriptive percentage; n >=20
