Body_Region,Age_Band,n,estimate,se_bound,cv_bound,estimate_rounded,reportable,reason,percent,percent_se_bound,percent_cv_bound,years
Head/face,0-4,25982,70300.0,11947.61795787003,0.17003393721444754,70300.0,True,passes conservative screen,45.8,1.2041478050279089,0.02626823378402872,10
Head/face,5-9,51759,144800.0,23209.46005021161,0.1603167056539702,144800.0,True,passes conservative screen,34.1,0.7896060611066359,0.02317694801843449,10
Head/face,10-14,57677,165900.0,20427.20467917092,0.12314597419083244,165900.0,True,passes conservative screen,22.2,0.6282464816453984,0.028277456956119437,10
Head/face,15-17,32454,104300.0,11707.048858638496,0.11225279555971698,104300.0,True,passes conservative screen,22.9,0.704544657816206,0.030717977846135017,10
Head/face,18-24,21303,88900.0,9727.484394367391,0.10938775325029694,88900.0,True,passes conservative screen,21.7,0.7073091366824822,0.03260590958703843,10
Head/face,25-34,15264,63400.0,6686.810842053458,0.10548176169337965,63400.0,True,passes conservative screen,17.7,0.7295488553136397,0.04124539684606515,10
Head/face,35-44,9578,41400.0,4328.130456125093,0.10452701139578863,41400.0,True,passes conservative screen,16.4,0.7367393113289055,0.04497670412172573,10
Head/face,45-54,7652,33100.0,3793.035850546689,0.11444312043658302,33100.0,True,passes conservative screen,17.0,0.9368021975479343,0.055015180555218854,10
Head/face,55-64,7022,31300.0,4122.244575848905,0.13182909508528826,31300.0,True,passes conservative screen,17.9,1.0831074612486695,0.060674439769734925,10
Head/face,65-74,5377,26200.0,4807.067637149518,0.18336545246576894,26200.0,True,passes conservative screen,18.7,1.3419788917610853,0.07177144777088659,10
Head/face,75+,3952,19600.0,4656.9347545959,0.23710677565417285,19600.0,True,passes conservative screen,21.8,1.4920007187678772,0.06839936022230089,10
Neck,0-4,576,1400.0,343.16301260797024,0.2478776118055351,1400.0,True,passes conservative screen,0.9,0.1807020726308051,0.20007681049761783,10
Neck,5-9,2654,6800.0,1182.8944764408964,0.17316966921655713,6800.0,True,passes conservative screen,1.6,0.14568582246106748,0.0906306602909114,10
Neck,10-14,4310,11600.0,1557.069144011092,0.13405928294139394,11600.0,True,passes conservative screen,1.6,0.13673476420072728,0.08789556178868878,10
Neck,15-17,2410,7700.0,1096.890300642621,0.14183975058827467,7700.0,True,passes conservative screen,1.7,0.18199299845781058,0.10700986224854231,10
Neck,18-24,1630,6600.0,863.7623567603696,0.13018866322401915,6600.0,True,passes conservative screen,1.6,0.15774695886618498,0.09746726554379555,10
Neck,25-34,1781,7400.0,949.4138015067481,0.12776142884177982,7400.0,True,passes conservative screen,2.1,0.1898378475009934,0.0915566281371566,10
Neck,35-44,1227,5500.0,740.5359414191847,0.1338836021760084,5500.0,True,passes conservative screen,2.2,0.2304374860697195,0.10531251114493842,10
Neck,45-54,995,4400.0,687.2731708346266,0.1556795291264997,4400.0,True,passes conservative screen,2.3,0.27337711930500214,0.12053028403283117,10
Neck,55-64,781,3400.0,554.5048697045276,0.16379983281590546,3400.0,True,passes conservative screen,1.9,0.26568848590818495,0.1374793706036035,10
Neck,65-74,552,2600.0,537.9087060849905,0.20733224098685102,2600.0,True,passes conservative screen,1.9,0.25529861282503585,0.13796707721164764,10
Neck,75+,312,1600.0,412.80752192070395,0.2643397706690029,1600.0,True,passes conservative screen,1.7,0.3528690330051656,0.2034546639060931,10
Shoulder/upper arm,0-4,2582,6600.0,1486.1957654855507,0.22537629782595883,6600.0,True,passes conservative screen,4.3,0.46706403471871427,0.10856890005521096,10
Shoulder/upper arm,5-9,8633,22500.0,4111.545767793201,0.18291113668656597,22500.0,True,passes conservative screen,5.3,0.3544517442221081,0.06700761616218644,10
Shoulder/upper arm,10-14,13650,41400.0,5157.650263997098,0.12443681980122318,41400.0,True,passes conservative screen,5.6,0.24003790268390562,0.04323902016936599,10
Shoulder/upper arm,15-17,10165,34500.0,3944.9932574720638,0.11427516856823562,34500.0,True,passes conservative screen,7.6,0.3391637989301854,0.04467344642890961,10
Shoulder/upper arm,18-24,8969,38600.0,3976.3598630608735,0.10302160078460745,38600.0,True,passes conservative screen,9.4,0.4204199208413442,0.0446523983777597,10
Shoulder/upper arm,25-34,7633,32600.0,2943.8931304124603,0.09039152013872377,32600.0,True,passes conservative screen,9.1,0.3878035002366875,0.0426756499575384,10
Shoulder/upper arm,35-44,5373,24100.0,2362.389355904987,0.0981881243047864,24100.0,True,passes conservative screen,9.5,0.4979240796923619,0.05231379288262596,10
Shoulder/upper arm,45-54,4091,18600.0,1960.1577429420752,0.10519057381136497,18600.0,True,passes conservative screen,9.6,0.5622926669567146,0.058732720784715295,10
Shoulder/upper arm,55-64,3468,15900.0,1942.2879237631273,0.12222576305459672,15900.0,True,passes conservative screen,9.1,0.5763047227477296,0.06352695478530758,10
Shoulder/upper arm,65-74,2205,11200.0,2160.848509984525,0.19284002386237534,11200.0,True,passes conservative screen,8.0,0.7153717159765722,0.08951037184789878,10
Shoulder/upper arm,75+,1099,5800.0,1370.9512717467162,0.23773967584038697,5800.0,True,passes conservative screen,6.4,0.6814975852937077,0.10641017676152352,10
Elbow/forearm,0-4,7373,17000.0,2952.060258197048,0.17327685828675932,17000.0,True,passes conservative screen,11.1,0.7074786537437139,0.06365396746711235,10
Elbow/forearm,5-9,28065,65000.0,10030.943703692104,0.15437720544919145,65000.0,True,passes conservative screen,15.3,0.5690902124670422,0.03721812831621731,10
Elbow/forearm,10-14,25586,65900.0,9135.518216811546,0.1386117929936903,65900.0,True,passes conservative screen,8.8,0.386668791651242,0.04380312764590038,10
Elbow/forearm,15-17,7233,22500.0,2662.2773730971126,0.11814365230994377,22500.0,True,passes conservative screen,5.0,0.2672608958652977,0.05392955953864995,10
Elbow/forearm,18-24,4105,17200.0,1941.6793691671642,0.11258628617893472,17200.0,True,passes conservative screen,4.2,0.26928771292695686,0.06400934859209632,10
Elbow/forearm,25-34,3899,16000.0,1818.6268624824472,0.11357000325135681,16000.0,True,passes conservative screen,4.5,0.2955204082409226,0.06614092802920447,10
Elbow/forearm,35-44,2718,12000.0,1292.8975195696717,0.10811178435851104,12000.0,True,passes conservative screen,4.7,0.3607875723977236,0.07626163206498032,10
Elbow/forearm,45-54,2063,9200.0,1131.8782681464331,0.12352884817587587,9200.0,True,passes conservative screen,4.7,0.4092754195066985,0.08693931840876887,10
Elbow/forearm,55-64,1723,8000.0,1369.588521650425,0.17200044028895334,8000.0,True,passes conservative screen,4.5,0.4709846953589167,0.10361030632419109,10
Elbow/forearm,65-74,1234,6600.0,1643.4389124451386,0.24908595771287442,6600.0,True,passes conservative screen,4.7,0.5204199615635439,0.11059063858175601,10
Elbow/forearm,75+,662,3600.0,966.9311589269291,0.2704474935355382,3600.0,True,passes conservative screen,4.0,0.6386589104093197,0.16084056015868495,10
Wrist/hand,0-4,3860,10700.0,1512.6160714496023,0.141360966104595,10700.0,True,passes conservative screen,7.0,0.6599068562173829,0.09453230008371719,10
Wrist/hand,5-9,21846,65200.0,8331.109302632516,0.1277607077025381,65200.0,True,passes conservative screen,15.3,0.8308187451187129,0.054141812874352886,10
Wrist/hand,10-14,52470,164000.0,18965.47024207816,0.11565924263579311,164000.0,True,passes conservative screen,22.0,0.6712933189930115,0.030565257601884346,10
Wrist/hand,15-17,20842,69700.0,7457.31939235042,0.10696862975187489,69700.0,True,passes conservative screen,15.3,0.5623688810123953,0.036680000358700705,10
Wrist/hand,18-24,12631,52800.0,5247.291706987671,0.09932655912903171,52800.0,True,passes conservative screen,12.9,0.479514636766241,0.0372092523008543,10
Wrist/hand,25-34,10280,43300.0,3621.8796611934436,0.0837133039035478,43300.0,True,passes conservative screen,12.1,0.48830288827670665,0.04044944142336742,10
Wrist/hand,35-44,6454,29100.0,2573.8653836167405,0.08853866032560552,29100.0,True,passes conservative screen,11.5,0.5525497622320066,0.048046759980790284,10
Wrist/hand,45-54,4746,22000.0,2275.5156235620793,0.10351257329923041,22000.0,True,passes conservative screen,11.3,0.6870816724620918,0.06083500471416481,10
Wrist/hand,55-64,3960,19400.0,2344.0913610705,0.12093273588774155,19400.0,True,passes conservative screen,11.1,0.7727099470366952,0.06983008302712095,10
Wrist/hand,65-74,2588,13800.0,2213.3269570061275,0.16072832800791118,13800.0,True,passes conservative screen,9.8,1.147326808600147,0.1168161087584101,10
Wrist/hand,75+,1168,6500.0,1321.6932810357468,0.20485662790046893,6500.0,True,passes conservative screen,7.2,0.9360504022119018,0.13063446392262848,10
Trunk/spine,0-4,1605,4300.0,882.6145382400825,0.2048070134419601,4300.0,True,passes conservative screen,2.8,0.3353523405224714,0.11928116709234533,10
Trunk/spine,5-9,9573,26400.0,4026.452227032619,0.15240570732699188,26400.0,True,passes conservative screen,6.2,0.29657148342256584,0.04770238576170898,10
Trunk/spine,10-14,20093,58600.0,7925.412249246519,0.13535574386129173,58600.0,True,passes conservative screen,7.8,0.32369979879387895,0.0412758726878444,10
Trunk/spine,15-17,13454,43800.0,5318.733548277239,0.12144022501927455,43800.0,True,passes conservative screen,9.6,0.4134595951742418,0.0429261329362438,10
Trunk/spine,18-24,12169,51200.0,5588.688183142907,0.10925006754676578,51200.0,True,passes conservative screen,12.5,0.5800476959897153,0.04648303037698734,10
Trunk/spine,25-34,14575,61700.0,6170.149907484539,0.09993680482830525,61700.0,True,passes conservative screen,17.2,0.6807034278987724,0.039513950527817226,10
Trunk/spine,35-44,11645,51200.0,5033.749787454801,0.09830582437884641,51200.0,True,passes conservative screen,20.3,0.838186446445215,0.04137841508475171,10
Trunk/spine,45-54,10288,46000.0,5114.333618798128,0.11118420653826555,46000.0,True,passes conservative screen,23.6,1.0390921356524145,0.04396833326376462,10
Trunk/spine,55-64,10277,47100.0,6764.564427052899,0.14350670289437537,47100.0,True,passes conservative screen,26.9,1.182124423831073,0.04392909447870821,10
Trunk/spine,65-74,8119,40900.0,9570.139677936011,0.23417594783925308,40900.0,True,passes conservative screen,29.1,1.5880335129122929,0.0544819212448279,10
Trunk/spine,75+,5392,27900.0,7633.579192285404,0.27374456671390285,27900.0,True,passes conservative screen,31.0,1.6001470212829307,0.051667372430843427,10
Hip/thigh,0-4,1460,3300.0,776.9552528463901,0.23844950967780051,3300.0,True,passes conservative screen,2.1,0.2642146939459121,0.12429515016277723,10
Hip/thigh,5-9,4160,9800.0,1664.862937817429,0.17011741895791185,9800.0,True,passes conservative screen,2.3,0.17649180703877843,0.07663495022848657,10
Hip/thigh,10-14,4856,12400.0,1866.4505303505734,0.15035898503403025,12400.0,True,passes conservative screen,1.7,0.13498298764752126,0.08118783209733288,10
Hip/thigh,15-17,2599,7700.0,1032.7272139706063,0.13495963849629186,7700.0,True,passes conservative screen,1.7,0.1574892458118093,0.09358441931921396,10
Hip/thigh,18-24,1897,7900.0,1049.2930337268717,0.13361790137539686,7900.0,True,passes conservative screen,1.9,0.17574821239746594,0.09174399875848828,10
Hip/thigh,25-34,1750,7300.0,934.6417779464269,0.12807094874065905,7300.0,True,passes conservative screen,2.0,0.1989086702778796,0.09768365939907891,10
Hip/thigh,35-44,1110,4900.0,721.5728574938921,0.14708582793817104,4900.0,True,passes conservative screen,1.9,0.22257688095959333,0.11468755279763533,10
Hip/thigh,45-54,873,4100.0,598.7953536749134,0.14626265976893157,4100.0,True,passes conservative screen,2.1,0.2505394356063247,0.11911406283144202,10
Hip/thigh,55-64,832,3900.0,635.2186395298984,0.1646371430571901,3900.0,True,passes conservative screen,2.2,0.28746360608805077,0.13051011394517947,10
Hip/thigh,65-74,591,2900.0,641.1661187474563,0.22332947560417535,2900.0,True,passes conservative screen,2.0,0.3551658771810201,0.17345045995452366,10
Hip/thigh,75+,398,2200.0,564.0885182821987,0.2580270131568684,2200.0,True,passes conservative screen,2.4,0.4365107066385595,0.17978440264359632,10
Knee,0-4,1593,4700.0,916.436691268648,0.19627248146445073,4700.0,True,passes conservative screen,3.0,0.35824064618448115,0.11760576043721897,10
Knee,5-9,5743,16400.0,2631.8335877331,0.16016882280373532,16400.0,True,passes conservative screen,3.9,0.24157134667641336,0.06247366857517371,10
Knee,10-14,21447,63700.0,8162.743143247363,0.1281017512594537,63700.0,True,passes conservative screen,8.5,0.3014882336722327,0.035325499399704294,10
Knee,15-17,15650,49900.0,5703.075465681514,0.11424157576578489,49900.0,True,passes conservative screen,11.0,0.38381952859091795,0.03496040829672775,10
Knee,18-24,11435,45600.0,4356.03192154758,0.09555918473324229,45600.0,True,passes conservative screen,11.1,0.44046281542536464,0.03961042707662495,10
Knee,25-34,9629,39600.0,3664.0112376658776,0.09258595401715711,39600.0,True,passes conservative screen,11.0,0.43507504883477527,0.03940172687154,10
Knee,35-44,5808,25200.0,2470.3413565437154,0.09808477904959136,25200.0,True,passes conservative screen,10.0,0.49800728385147763,0.049983416335574925,10
Knee,45-54,3908,17500.0,1835.4549303875756,0.10490235992889509,17500.0,True,passes conservative screen,9.0,0.5835919273310599,0.0649206273235581,10
Knee,55-64,3014,13700.0,1726.115166849918,0.12612306506852988,13700.0,True,passes conservative screen,7.8,0.5330679824997876,0.06822822265138574,10
Knee,65-74,1815,9300.0,1887.0982324236272,0.202364837906388,9300.0,True,passes conservative screen,6.7,0.6348667039607927,0.09545349551562665,10
Knee,75+,976,5200.0,1298.9221281402345,0.24860443460500736,5200.0,True,passes conservative screen,5.8,0.6855805517507535,0.11814720198508548,10
Lower leg,0-4,6872,14400.0,2422.4093763453243,0.16773238449453412,14400.0,True,passes conservative screen,9.4,0.6637398378224426,0.07044725205825685,10
Lower leg,5-9,5397,13300.0,2047.3845466431108,0.15415516422155315,13300.0,True,passes conservative screen,3.1,0.2442533237329227,0.07815039364372836,10
Lower leg,10-14,10607,27100.0,3426.0714834427017,0.12639531091424758,27100.0,True,passes conservative screen,3.6,0.21103390605268593,0.05812805434442503,10
Lower leg,15-17,5353,15900.0,2035.0475262432215,0.12819876150158543,15900.0,True,passes conservative screen,3.5,0.2324939736091753,0.06659710268744863,10
Lower leg,18-24,3611,14800.0,1678.4318439599235,0.11350725604597305,14800.0,True,passes conservative screen,3.6,0.254246565397,0.07048454515495142,10
Lower leg,25-34,4873,20100.0,2143.100752410396,0.10636098590648725,20100.0,True,passes conservative screen,5.6,0.31010742710703987,0.055158786486961875,10
Lower leg,35-44,4212,18500.0,1955.7713691627348,0.10573206371936329,18500.0,True,passes conservative screen,7.3,0.40684665059435854,0.05559874166810875,10
Lower leg,45-54,2933,12900.0,1514.683458239521,0.11732278700745051,12900.0,True,passes conservative screen,6.6,0.4387177800926045,0.06614204563386816,10
Lower leg,55-64,2177,10400.0,1469.8724418971474,0.14072687611867743,10400.0,True,passes conservative screen,6.0,0.42964063531659263,0.07205422667884544,10
Lower leg,65-74,1551,7800.0,1676.1493586407098,0.21430775568777494,7800.0,True,passes conservative screen,5.6,0.5649227200259752,0.10127050018948287,10
Lower leg,75+,887,4700.0,1287.29076628206,0.271922589765228,4700.0,True,passes conservative screen,5.3,0.6130260839096314,0.11659684081561612,10
Ankle,0-4,1712,5100.0,1203.377021421878,0.23626401258656615,5100.0,True,passes conservative screen,3.3,0.3886412126855666,0.1169611161217225,10
Ankle,5-9,8750,25400.0,4365.840242487959,0.17178929604283016,25400.0,True,passes conservative screen,6.0,0.3330495892166391,0.055688970986443875,10
Ankle,10-14,27170,83000.0,10006.383246038604,0.12061198681515443,83000.0,True,passes conservative screen,11.1,0.37757943035329294,0.03397978860682061,10
Ankle,15-17,20468,68500.0,7521.8545602531785,0.10977964776067074,68500.0,True,passes conservative screen,15.1,0.551531334091328,0.03660171660438309,10
Ankle,18-24,13469,54200.0,5156.829071930051,0.095115181950586,54200.0,True,passes conservative screen,13.2,0.5583059586845299,0.04221417068198298,10
Ankle,25-34,8678,36000.0,3173.2572143188463,0.08816620324399846,36000.0,True,passes conservative screen,10.0,0.4759576243512739,0.047394497237804825,10
Ankle,35-44,4484,19600.0,1928.8522997045002,0.09829324225842169,19600.0,True,passes conservative screen,7.8,0.45725885061475324,0.058902319982018427,10
Ankle,45-54,2313,10300.0,1147.16097490944,0.11138992720778342,10300.0,True,passes conservative screen,5.3,0.44874896784737,0.08481192426763107,10
Ankle,55-64,1536,7100.0,1023.9755091871446,0.14349235965586007,7100.0,True,passes conservative screen,4.1,0.38725058044036315,0.09505785210370504,10
Ankle,65-74,836,4100.0,815.2434848242817,0.1971779990182602,4100.0,True,passes conservative screen,2.9,0.43994144733968427,0.1491882906703109,10
Ankle,75+,336,1700.0,499.20954870150746,0.2889385514592307,1700.0,True,passes conservative screen,1.9,0.4396013837771877,0.22909776588056938,10
Foot/toes,0-4,2614,7200.0,1539.222329385365,0.21487857074092276,7200.0,True,passes conservative screen,4.7,0.42735832752026587,0.09144936892973667,10
Foot/toes,5-9,7635,22800.0,4015.3222557209833,0.17601457957600147,22800.0,True,passes conservative screen,5.4,0.3335599996609912,0.06213470372248799,10
Foot/toes,10-14,14068,43100.0,6377.752927426216,0.14804399413319766,43100.0,True,passes conservative screen,5.8,0.29574897834231145,0.05125607689365864,10
Foot/toes,15-17,6550,21400.0,2968.306756755342,0.13895785555820006,21400.0,True,passes conservative screen,4.7,0.3113174011241569,0.06626925387374068,10
Foot/toes,18-24,5374,21900.0,2407.072419088142,0.10969592736154338,21900.0,True,passes conservative screen,5.4,0.3354246556285409,0.06266358281080242,10
Foot/toes,25-34,4911,21000.0,2074.807598560462,0.09872634753968781,21000.0,True,passes conservative screen,5.9,0.36307707338625644,0.061917988067789496,10
Foot/toes,35-44,3203,14300.0,1570.690440207642,0.10950184978993217,14300.0,True,passes conservative screen,5.7,0.4513223471415094,0.07953591579148583,10
Foot/toes,45-54,2074,9400.0,1133.8521214781517,0.12071625232864916,9400.0,True,passes conservative screen,4.8,0.43643701730185164,0.09044046876575156,10
Foot/toes,55-64,1428,6700.0,992.8007027134183,0.14916416774369284,6700.0,True,passes conservative screen,3.8,0.42303910937763306,0.11133703827916616,10
Foot/toes,65-74,820,4100.0,805.7165061653205,0.1977734344194629,4100.0,True,passes conservative screen,2.9,0.4058501666612673,0.13967547714636303,10
Foot/toes,75+,353,1800.0,492.5552450218661,0.2679109450667041,1800.0,True,passes conservative screen,2.0,0.4240493751066686,0.2076783055264207,10
Multiple/systemic,0-4,2289,,2368.639657624847,0.38195426412518313,,False,"CV bound outside [0, 0.33]",,0.9269939053402574,0.22913215281291566,10
Multiple/systemic,5-9,1586,4700.0,1390.4443572748214,0.2964381018197733,4700.0,True,passes conservative screen,1.1,0.202381069463928,0.18335059629900086,10
Multiple/systemic,10-14,2321,7500.0,1764.741432892502,0.23392115661071045,7500.0,True,passes conservative screen,1.0,0.1606287933456705,0.15896840762794,10
Multiple/systemic,15-17,1791,6900.0,1644.465584203029,0.23804205408316748,6900.0,True,passes conservative screen,1.5,0.2573454546322404,0.16938687823475554,10
Multiple/systemic,18-24,1781,7800.0,1472.9016309867552,0.18896170789290515,7800.0,True,passes conservative screen,1.9,0.28452761613733357,0.1496385116713078,10
Multiple/systemic,25-34,1693,7800.0,1377.969751173407,0.17746931086410836,7800.0,True,passes conservative screen,2.2,0.3022666979298347,0.13952005860642208,10
Multiple/systemic,35-44,1184,5300.0,977.7447007876768,0.18414710184295963,5300.0,True,passes conservative screen,2.1,0.31085968212977655,0.14799580614338567,10
Multiple/systemic,45-54,1158,5600.0,1228.878166470467,0.21970948499023793,5600.0,True,passes conservative screen,2.9,0.49941721969119673,0.17379424409041905,10
Multiple/systemic,55-64,1302,6400.0,1628.1567443041438,0.25556832263864726,6400.0,True,passes conservative screen,3.6,0.6467354819494259,0.17782557026724283,10
Multiple/systemic,65-74,1582,,3353.8845986960378,0.3899581410523707,,False,"CV bound outside [0, 0.33]",,1.399973084546699,0.2282224182547134,10
Multiple/systemic,75+,1389,,3124.4239016898505,0.4153258839893841,,False,"CV bound outside [0, 0.33]",,1.6698280321014707,0.19986188994650275,10
Internal/systemic,0-4,394,,306.5818944924621,0.2742731705182856,,False,estimate < 1200,,0.15106270545802092,0.2071528305547896,10
Internal/systemic,5-9,174,,133.090825677754,0.33212742473539647,,False,"estimate < 1200; CV bound outside [0, 0.33]; proportion CV unassessed or > 0.33",,0.03148341059160497,0.3338646381105236,10
Internal/systemic,10-14,86,,91.97262291401319,0.44569921687212577,,False,"estimate < 1200; CV bound outside [0, 0.33]; proportion CV unassessed or > 0.33",,0.012422048475495785,0.44944393610155986,10
Internal/systemic,15-17,30,,33.498268733211006,0.7167588316357967,,False,"estimate < 1200; CV bound outside [0, 0.33]; proportion CV unassessed or > 0.33",,0.007529093570011345,0.7325339326463824,10
Internal/systemic,18-24,12,,37.97854833278022,0.838263451084205,,False,"n < 20; estimate < 1200; CV bound outside [0, 0.33]; proportion CV unassessed or > 0.33",,0.009405294078983611,0.8510076068296841,10
Internal/systemic,25-34,13,,27.147640034498693,0.7253465610240136,,False,"n < 20; estimate < 1200; CV bound outside [0, 0.33]; proportion CV unassessed or > 0.33",,0.007783685981584619,0.7453522224695469,10
Internal/systemic,35-44,7,,32.173318721612254,0.939837300231773,,False,"n < 20; estimate < 1200; CV bound outside [0, 0.33]; proportion CV unassessed or > 0.33",,0.013083712607946017,0.9661251878255518,10
Internal/systemic,45-54,6,,23.53898842271021,0.8640225030901039,,False,"n < 20; estimate < 1200; CV bound outside [0, 0.33]; proportion CV unassessed or > 0.33",,0.012759405388804799,0.9115900846558188,10
Internal/systemic,55-64,10,,36.374283832012495,0.762396418563403,,False,"n < 20; estimate < 1200; CV bound outside [0, 0.33]; proportion CV unassessed or > 0.33",,0.02213165709375337,0.8125629956268355,10
Internal/systemic,65-74,3,,19.747806328032603,0.7561736018245376,,False,"n < 20; estimate < 1200; CV bound outside [0, 0.33]; proportion CV unassessed or > 0.33",,0.01672168516222253,0.8977417760859695,10
Internal/systemic,75+,4,,22.53348,1.0,,False,"n < 20; estimate < 1200; CV bound outside [0, 0.33]; proportion CV unassessed or > 0.33",,0.028460600288762808,1.1372474816113922,10
Not stated/other,0-4,397,,261.83076953690227,0.25001655476261925,,False,estimate < 1200,,0.1899242460597199,0.27798751122755705,10
Not stated/other,5-9,523,1400.0,386.66589125879904,0.268404595874363,1400.0,True,passes conservative screen,0.3,0.09838829667991997,0.29022148291477046,10
Not stated/other,10-14,818,2200.0,559.5122230436174,0.2534834240655581,2200.0,True,passes conservative screen,0.3,0.07807138849478047,0.26407719386025036,10
Not stated/other,15-17,557,1800.0,439.22604360993165,0.2393599195590901,1800.0,True,passes conservative screen,0.4,0.10082121618053237,0.24983290661266783,10
Not stated/other,18-24,556,2300.0,628.209145789688,0.2701102834899824,2300.0,True,passes conservative screen,0.6,0.14619586148276015,0.2576860064451337,10
Not stated/other,25-34,521,2200.0,490.2947923433782,0.22768694290042987,2200.0,True,passes conservative screen,0.6,0.1288634761758324,0.21447341042449952,10
Not stated/other,35-44,401,1600.0,410.28558353323433,0.24877938501760086,1600.0,True,passes conservative screen,0.7,0.1576759180690611,0.24167909936159193,10
Not stated/other,45-54,355,1500.0,395.4718782893164,0.26542166460393735,1500.0,True,passes conservative screen,0.8,0.20706863002333395,0.2704998138634115,10
Not stated/other,55-64,439,1900.0,534.2162255643159,0.2754031879524899,1900.0,True,passes conservative screen,1.1,0.30439291161768495,0.2748799955465598,10
Not stated/other,65-74,454,2100.0,629.8030313019897,0.29952559962876396,2100.0,True,passes conservative screen,1.5,0.4870352861998877,0.324756885376753,10
Not stated/other,75+,400,,636.9371648006902,0.33482077362808876,,False,"CV bound outside [0, 0.33]; proportion CV unassessed or > 0.33",,0.7760409276638394,0.367315814619763,10
