Activity,Profile_Age,n,estimate,se_bound,cv_bound,estimate_rounded,reportable,reason,percent,percent_se_bound,percent_cv_bound,years
Basketball,0-4,605,1400.0,324.382381543796,0.23257200548196824,1400.0,True,passes conservative screen,0.4,0.08276064733236724,0.2156699218490709,10
Basketball,5-9,6149,16200.0,2366.2442843043373,0.14647107736830695,16200.0,True,passes conservative screen,4.4,0.42313010805689005,0.09519886030091415,10
Basketball,10-14,38201,107300.0,11812.668598183542,0.11013288562332632,107300.0,True,passes conservative screen,29.5,1.2950884388257358,0.043886803182656246,10
Basketball,15-19,37755,123100.0,12440.004837593242,0.10106364789363344,123100.0,True,passes conservative screen,33.9,0.9137250400149425,0.026980840189757816,10
Basketball,20-24,11388,44800.0,4835.494719602268,0.107838681454359,44800.0,True,passes conservative screen,12.3,0.9624065569392388,0.0780113423809512,10
Basketball,25-29,6386,24500.0,2443.526879085043,0.099859016316298,24500.0,True,passes conservative screen,6.7,0.4876733113506313,0.07243770359080177,10
Basketball,30-34,4181,16300.0,1670.360852904923,0.10229783199509412,16300.0,True,passes conservative screen,4.5,0.4016150451209529,0.08939878625550467,10
Basketball,35-39,2812,11100.0,1171.5362359085473,0.10525371952745913,11100.0,True,passes conservative screen,3.1,0.28490886092162854,0.09303646587808494,10
Basketball,40-44,1716,6800.0,859.9284246468426,0.12625548808134918,6800.0,True,passes conservative screen,1.9,0.20928512893897844,0.11168422956599684,10
Basketball,45-49,1102,4500.0,607.5742600394159,0.13528715048893478,4500.0,True,passes conservative screen,1.2,0.16149618989398468,0.13070282836061975,10
Basketball,50-54,684,2900.0,526.5553502557074,0.1838375104549281,2900.0,True,passes conservative screen,0.8,0.13841027976792575,0.17564021855046597,10
Basketball,55-59,431,1700.0,338.6610719756601,0.20057898592609363,1700.0,True,passes conservative screen,0.5,0.0882736964379437,0.19002773314859836,10
Basketball,60-64,308,1200.0,282.41661277098075,0.22733609578550493,1200.0,True,passes conservative screen,0.3,0.07495407539996224,0.21930015102557324,10
Basketball,65-69,183,,222.79431083097933,0.29437435947462365,,False,estimate < 1200,,0.061168389474884385,0.29375715326423285,10
Basketball,70-74,98,,161.3201187812119,0.37367343949171716,,False,"estimate < 1200; CV bound outside [0, 0.33]; proportion CV unassessed or > 0.33",,0.04439293226257856,0.37375159160482524,10
Basketball,75-79,62,,126.87756354378061,0.44182901342847725,,False,"estimate < 1200; CV bound outside [0, 0.33]; proportion CV unassessed or > 0.33",,0.03460004654371194,0.4379369668061994,10
Basketball,80+,54,,116.07843399838649,0.5113262584746223,,False,"estimate < 1200; CV bound outside [0, 0.33]; proportion CV unassessed or > 0.33",,0.03139934226205603,0.5027274836902345,10
Exercise/fitness,0-4,1870,4800.0,885.080167398513,0.18624151355851828,4800.0,True,passes conservative screen,1.3,0.20806606522742974,0.16127894370424287,10
Exercise/fitness,5-9,3747,10900.0,2013.6447244200092,0.18465162454483922,10900.0,True,passes conservative screen,3.0,0.45579458087227365,0.15396498876855705,10
Exercise/fitness,10-14,6659,21900.0,3350.960371901321,0.1531918254480613,21900.0,True,passes conservative screen,5.9,0.7931007516714516,0.13356024094321037,10
Exercise/fitness,15-19,7428,28500.0,3362.409299307345,0.11808297383750259,28500.0,True,passes conservative screen,7.7,0.5405387273817324,0.06992718599589207,10
Exercise/fitness,20-24,7600,31000.0,3969.731588439353,0.1279605662834328,31000.0,True,passes conservative screen,8.4,0.6512770615679496,0.0773327270844863,10
Exercise/fitness,25-29,7424,30500.0,3609.6013981345072,0.11846115257924104,30500.0,True,passes conservative screen,8.3,0.5573491153417945,0.06737930961751303,10
Exercise/fitness,30-34,6898,28900.0,3346.4590891640064,0.11587831971444562,28900.0,True,passes conservative screen,7.8,0.4990468724578039,0.0636561751861226,10
Exercise/fitness,35-39,6253,26700.0,3060.2662939765423,0.11462357687530489,26700.0,True,passes conservative screen,7.2,0.4514976002908787,0.0622949321456624,10
Exercise/fitness,40-44,5249,23000.0,2600.255388776856,0.1132648288759311,23000.0,True,passes conservative screen,6.2,0.36977301864249806,0.05933306995617535,10
Exercise/fitness,45-49,5015,21900.0,2588.7800655323417,0.11846703170320391,21900.0,True,passes conservative screen,5.9,0.3745027431517584,0.0631305957084202,10
Exercise/fitness,50-54,4991,22100.0,2622.0697742892544,0.11886364818892683,22100.0,True,passes conservative screen,6.0,0.3698132012537257,0.06175466277560487,10
Exercise/fitness,55-59,4954,22100.0,2942.5514918740255,0.13303790882779018,22100.0,True,passes conservative screen,6.0,0.3706174868594867,0.06172481234220957,10
Exercise/fitness,60-64,4600,20900.0,3121.540052595497,0.14901106497028765,20900.0,True,passes conservative screen,5.7,0.3993794467741984,0.07022922096389925,10
Exercise/fitness,65-69,4674,22200.0,3761.520195488402,0.16923318807049342,22200.0,True,passes conservative screen,6.0,0.5370431390503505,0.0890048850657873,10
Exercise/fitness,70-74,3874,19000.0,3650.489900381724,0.19258022952313478,19000.0,True,passes conservative screen,5.1,0.5632977190501359,0.1094664601541402,10
Exercise/fitness,75-79,2912,14400.0,3015.153865402414,0.20962281071201003,14400.0,True,passes conservative screen,3.9,0.5075155500389001,0.12997533542686907,10
Exercise/fitness,80+,4065,19800.0,3987.538675601548,0.20150614310124387,19800.0,True,passes conservative screen,5.4,0.6637869459859178,0.12356475788472836,10
Football,0-4,311,,215.4424858046954,0.3165473850491731,,False,estimate < 1200,,0.07110286475609094,0.290384409446644,10
Football,5-9,9540,23400.0,3584.683205087138,0.1530940801541501,23400.0,True,passes conservative screen,8.4,0.6474769868727908,0.07686183904909448,10
Football,10-14,42713,120600.0,14311.281110230924,0.11864090366812835,120600.0,True,passes conservative screen,43.4,1.2925886031960099,0.0297848264437068,10
Football,15-19,27711,96000.0,10196.56268280918,0.10617066391046903,96000.0,True,passes conservative screen,34.6,0.9021531644303039,0.026110178113014443,10
Football,20-24,3364,13900.0,2024.1617269698654,0.14608801807775795,13900.0,True,passes conservative screen,5.0,0.7129408783517295,0.14302162989269598,10
Football,25-29,2092,8300.0,1026.9438055932608,0.12307315061264225,8300.0,True,passes conservative screen,3.0,0.4073894985795497,0.13570794888941037,10
Football,30-34,1391,5400.0,700.473250131836,0.1286645064822471,5400.0,True,passes conservative screen,2.0,0.28286717224423874,0.14442040892287875,10
Football,35-39,830,3500.0,534.1899574364458,0.15137769166864423,3500.0,True,passes conservative screen,1.3,0.1980381608107385,0.15598895961782333,10
Football,40-44,514,2200.0,414.5150514587155,0.18794037328631716,2200.0,True,passes conservative screen,0.8,0.1445851949613995,0.18221428577744142,10
Football,45-49,284,1300.0,289.3123332801245,0.23080754584216417,1300.0,True,passes conservative screen,0.5,0.10496366944493282,0.2327559962616465,10
Football,50-54,204,,238.89022540211917,0.26222772168234626,,False,estimate < 1200,,0.08641214605056509,0.26365367567172127,10
Football,55-59,143,,209.1590018822222,0.35423693836041614,,False,"estimate < 1200; CV bound outside [0, 0.33]; proportion CV unassessed or > 0.33",,0.07497574557187095,0.35295301491874476,10
Football,60-64,97,,170.77955910272587,0.388867298231307,,False,"estimate < 1200; CV bound outside [0, 0.33]; proportion CV unassessed or > 0.33",,0.05982505895667986,0.37864086870639774,10
Football,65-69,63,,141.28846049809925,0.47475932473595694,,False,"estimate < 1200; CV bound outside [0, 0.33]; proportion CV unassessed or > 0.33",,0.050865573047740566,0.4750830871516507,10
Football,70-74,35,,113.7593575295439,0.6046804933337473,,False,"estimate < 1200; CV bound outside [0, 0.33]; proportion CV unassessed or > 0.33",,0.040871962848975894,0.6038695637769658,10
Football,75-79,18,,56.47265852033648,0.6381220424722318,,False,"n < 20; estimate < 1200; CV bound outside [0, 0.33]; proportion CV unassessed or > 0.33",,0.02136579048376196,0.6710630039833795,10
Football,80+,11,,45.17324359484287,0.9190817247474207,,False,"n < 20; estimate < 1200; CV bound outside [0, 0.33]; proportion CV unassessed or > 0.33",,0.016596899044391152,0.9385958403671224,10
Soccer,0-4,756,1500.0,400.8964486449361,0.261706143884529,1500.0,True,passes conservative screen,0.8,0.1502969370458534,0.19208652092686376,10
Soccer,5-9,8227,20500.0,4200.3307309465645,0.20535103044166633,20500.0,True,passes conservative screen,10.4,1.0407126968766667,0.09961145942424904,10
Soccer,10-14,26895,68800.0,11550.379764936622,0.16795149142811502,68800.0,True,passes conservative screen,35.1,1.6680473233234197,0.04748550052516192,10
Soccer,15-19,19128,56200.0,7588.2428455602085,0.13501356736991826,56200.0,True,passes conservative screen,28.7,1.0527226511080723,0.03667036310411594,10
Soccer,20-24,4322,16700.0,2355.312857508165,0.1411856980003253,16700.0,True,passes conservative screen,8.5,0.9517752220037269,0.11169701010553738,10
Soccer,25-29,2662,9700.0,1480.8979850273288,0.15223595853466065,9700.0,True,passes conservative screen,5.0,0.6391631134585812,0.12863787544686767,10
Soccer,30-34,1974,7600.0,1242.9024628145478,0.1631751645836402,7600.0,True,passes conservative screen,3.9,0.5038771469136688,0.12951101998633896,10
Soccer,35-39,1347,5200.0,945.1875314445758,0.18215613144944043,5200.0,True,passes conservative screen,2.7,0.37350764246231444,0.14092574980726547,10
Soccer,40-44,993,3900.0,735.7027792202235,0.18865432682621452,3900.0,True,passes conservative screen,2.0,0.3210079732396287,0.16115554178848793,10
Soccer,45-49,602,2400.0,535.0926180203447,0.22559879409787667,2400.0,True,passes conservative screen,1.2,0.2235909669159721,0.1845555541119113,10
Soccer,50-54,368,1400.0,404.50639067380854,0.28177127715080824,1400.0,True,passes conservative screen,0.7,0.17701292486326367,0.24140227724896035,10
Soccer,55-59,172,,219.01281208616462,0.33498371032218466,,False,"estimate < 1200; CV bound outside [0, 0.33]",,0.09970714264371898,0.29856953313358015,10
Soccer,60-64,124,,184.66648053873107,0.367413665571251,,False,"estimate < 1200; CV bound outside [0, 0.33]; proportion CV unassessed or > 0.33",,0.08821848856294293,0.343630652861481,10
Soccer,65-69,73,,124.86018285647624,0.4072173938140495,,False,"estimate < 1200; CV bound outside [0, 0.33]; proportion CV unassessed or > 0.33",,0.061431961891173066,0.3922489502357099,10
Soccer,70-74,40,,80.106263619922,0.5194147271021149,,False,"estimate < 1200; CV bound outside [0, 0.33]; proportion CV unassessed or > 0.33",,0.041696279061148304,0.5293100446176396,10
Soccer,75-79,35,,92.81623239876483,0.561349264550993,,False,"estimate < 1200; CV bound outside [0, 0.33]; proportion CV unassessed or > 0.33",,0.0476061478903312,0.5636860864498713,10
Soccer,80+,20,,76.0064225097742,0.6853445987531407,,False,"estimate < 1200; CV bound outside [0, 0.33]; proportion CV unassessed or > 0.33",,0.03984003326626472,0.7033045816089635,10
Swimming/diving,0-4,6152,,7170.41725186519,0.3766952494776196,,False,"CV bound outside [0, 0.33]",,2.141857731779493,0.1932661312123803,10
Swimming/diving,5-9,11655,38200.0,11502.135855391396,0.30120167325769676,38200.0,True,passes conservative screen,22.2,2.5308149957042874,0.11383051586956781,10
Swimming/diving,10-14,9839,33000.0,7653.359154613952,0.2321488707769902,33000.0,True,passes conservative screen,19.2,1.2632635238484542,0.06581545002090707,10
Swimming/diving,15-19,4331,16900.0,2892.492783217519,0.17144346657337076,16900.0,True,passes conservative screen,9.8,0.8305435244806586,0.08455328198093234,10
Swimming/diving,20-24,2004,9700.0,1522.979531316141,0.1575912565354082,9700.0,True,passes conservative screen,5.6,0.9894856037938712,0.17585995166303567,10
Swimming/diving,25-29,1545,7500.0,1152.0740608067124,0.1529504909324394,7500.0,True,passes conservative screen,4.4,0.6827812614817897,0.1556938607913237,10
Swimming/diving,30-34,1436,7000.0,1222.0301861256805,0.17390243363082297,7000.0,True,passes conservative screen,4.1,0.6938990445912702,0.1696053053197932,10
Swimming/diving,35-39,1272,6500.0,1082.579842477107,0.16690614029523806,6500.0,True,passes conservative screen,3.8,0.646345263708626,0.17115767021770065,10
Swimming/diving,40-44,1079,5500.0,931.0363024957924,0.17058413726813176,5500.0,True,passes conservative screen,3.2,0.5399755007003811,0.16992821748860107,10
Swimming/diving,45-49,924,4500.0,827.8258076238064,0.18416690843447742,4500.0,True,passes conservative screen,2.6,0.4504933498943041,0.1721394608198408,10
Swimming/diving,50-54,873,4400.0,926.8559095020744,0.20829012268828556,4400.0,True,passes conservative screen,2.6,0.44474409041877433,0.17166669904497467,10
Swimming/diving,55-59,843,4400.0,906.12760030485,0.2066364050901596,4400.0,True,passes conservative screen,2.6,0.46726713198357617,0.18302150813787837,10
Swimming/diving,60-64,773,4000.0,968.4663305871449,0.24397977875354732,4000.0,True,passes conservative screen,2.3,0.42312509699768813,0.1830870004610173,10
Swimming/diving,65-69,684,3500.0,918.4353695750851,0.2629092372775143,3500.0,True,passes conservative screen,2.0,0.34261257805468875,0.1684534714993335,10
Swimming/diving,70-74,546,2900.0,950.5694359856058,0.3270120346966335,2900.0,True,passes conservative screen,1.7,0.43863575861914905,0.25918110723742166,10
Swimming/diving,75-79,404,,760.154591434369,0.3504003791346396,,False,"CV bound outside [0, 0.33]",,0.30826781433963524,0.2440676644299829,10
Swimming/diving,80+,484,,1097.6128785599205,0.41249081745555594,,False,"CV bound outside [0, 0.33]",,0.4820068636919374,0.3111270213798744,10
Baseball/softball,0-4,871,2700.0,521.2540361731842,0.19033605831107647,2700.0,True,passes conservative screen,1.9,0.30436448755407103,0.1639702005428186,10
Baseball/softball,5-9,5259,15600.0,2256.405374221199,0.14482948396009318,15600.0,True,passes conservative screen,10.6,0.9163247463068654,0.08677379307191078,10
Baseball/softball,10-14,14370,46000.0,6181.544872400102,0.13435172423385658,46000.0,True,passes conservative screen,31.2,1.8473035450297481,0.059235736234020106,10
Baseball/softball,15-19,10210,36100.0,4280.140787720306,0.1186555271676085,36100.0,True,passes conservative screen,24.4,1.126244981793021,0.0460640475868479,10
Baseball/softball,20-24,1862,8800.0,1199.04945336086,0.13568367277679966,8800.0,True,passes conservative screen,6.0,0.7025531061648606,0.11729215412594175,10
Baseball/softball,25-29,1484,6900.0,933.6336037439216,0.13629070855828737,6900.0,True,passes conservative screen,4.6,0.5944888204647446,0.12803619978458497,10
Baseball/softball,30-34,1498,7300.0,991.5038965626196,0.13528085154438657,7300.0,True,passes conservative screen,5.0,0.6067383228564381,0.12213570355972676,10
Baseball/softball,35-39,1296,6300.0,910.1245834998668,0.1439228103183999,6300.0,True,passes conservative screen,4.3,0.547409971428952,0.1277146737212365,10
Baseball/softball,40-44,981,4700.0,734.6270298853563,0.15487549730690067,4700.0,True,passes conservative screen,3.2,0.4258305816426787,0.1324500012071283,10
Baseball/softball,45-49,762,3600.0,576.9845953692761,0.16026237427904655,3600.0,True,passes conservative screen,2.4,0.36782686004601395,0.15073361080235387,10
Baseball/softball,50-54,570,2700.0,503.97824697210154,0.18459010827699074,2700.0,True,passes conservative screen,1.9,0.3219066177132096,0.17395056618671978,10
Baseball/softball,55-59,386,1800.0,453.6165098348195,0.24851291571192433,1800.0,True,passes conservative screen,1.2,0.27574703059359945,0.22287957203070882,10
Baseball/softball,60-64,299,1400.0,438.1689335280283,0.31209929473381515,1400.0,True,passes conservative screen,1.0,0.27395872121651577,0.2878960085575786,10
Baseball/softball,65-69,271,1500.0,483.94342873043206,0.3272839757489338,1500.0,True,passes conservative screen,1.0,0.29391135078973846,0.2932552612963908,10
Baseball/softball,70-74,197,,370.7969516976657,0.3704295966666513,,False,"estimate < 1200; CV bound outside [0, 0.33]; proportion CV unassessed or > 0.33",,0.23578418014389615,0.34752295402750755,10
Baseball/softball,75-79,116,,260.79699391085,0.4032626020062422,,False,"estimate < 1200; CV bound outside [0, 0.33]; proportion CV unassessed or > 0.33",,0.16597025928421896,0.3786299359873761,10
Baseball/softball,80+,70,,165.94347842669563,0.4532232387562028,,False,"estimate < 1200; CV bound outside [0, 0.33]; proportion CV unassessed or > 0.33",,0.10869392736133016,0.4379823106420215,10
Weight training,0-4,935,2400.0,498.6448961317789,0.2105685480912803,2400.0,True,passes conservative screen,2.4,0.42955474500708435,0.18276797536549255,10
Weight training,5-9,680,2000.0,427.2880209077538,0.2179672035748245,2000.0,True,passes conservative screen,1.9,0.388489387596517,0.1996774630968363,10
Weight training,10-14,1693,5200.0,837.6611304260447,0.16261525780568484,5200.0,True,passes conservative screen,5.1,0.7312404347187347,0.14303179283285786,10
Weight training,15-19,5030,19100.0,2597.5137132355585,0.13586968453991619,19100.0,True,passes conservative screen,19.0,1.5593633967051153,0.08218480129791372,10
Weight training,20-24,3313,14000.0,1814.9229264527767,0.12968747053881283,14000.0,True,passes conservative screen,13.9,1.1245846851561663,0.08096763491276412,10
Weight training,25-29,2790,11700.0,1462.843929205324,0.12478140679711852,11700.0,True,passes conservative screen,11.6,0.9039754399941653,0.07769408760518945,10
Weight training,30-34,2461,10300.0,1237.9583270163523,0.1197580468032806,10300.0,True,passes conservative screen,10.3,0.7998907491308747,0.07796663823293368,10
Weight training,35-39,2025,8700.0,1089.7757500786042,0.12526238200407014,8700.0,True,passes conservative screen,8.6,0.7695204034464825,0.08912163011364296,10
Weight training,40-44,1469,6300.0,884.5701077309698,0.13984381190622255,6300.0,True,passes conservative screen,6.3,0.6686675454074124,0.10651252858135231,10
Weight training,45-49,1220,5200.0,706.3939797472236,0.13681103725617155,5200.0,True,passes conservative screen,5.1,0.5357003360053325,0.10453832105328865,10
Weight training,50-54,1053,4600.0,709.504979400104,0.15542246055136832,4600.0,True,passes conservative screen,4.5,0.5394350696359682,0.11906303955689107,10
Weight training,55-59,794,3500.0,633.6752729995334,0.17986812293742213,3500.0,True,passes conservative screen,3.5,0.5009690594462968,0.1432774362028277,10
Weight training,60-64,570,2400.0,466.518937380627,0.1929539922966078,2400.0,True,passes conservative screen,2.4,0.39334611718256884,0.16392259259250946,10
Weight training,65-69,437,2000.0,429.412120766279,0.21242441610251486,2000.0,True,passes conservative screen,2.0,0.36706571920114095,0.18295884799553896,10
Weight training,70-74,294,1400.0,345.57885184931456,0.24781619364185245,1400.0,True,passes conservative screen,1.4,0.30255644332146975,0.21860917569201496,10
Weight training,75-79,216,,323.46826281199566,0.30447293046033763,,False,estimate < 1200,,0.2803480533623411,0.26588510683196687,10
Weight training,80+,198,,257.7042377021981,0.2762399967308366,,False,estimate < 1200,,0.23226221759457297,0.25085515151710047,10
Other sport/recreation,0-4,412,,286.7908833426568,0.309636733004764,,False,estimate < 1200,,0.36321311810056883,0.2988153076076782,10
Other sport/recreation,5-9,4278,11200.0,2844.1409984228717,0.2528639832592419,11200.0,True,passes conservative screen,14.8,2.1932697018913783,0.14858743052422538,10
Other sport/recreation,10-14,9679,27200.0,4937.379608038768,0.18128249063172097,27200.0,True,passes conservative screen,35.7,2.672062771392374,0.07475843096030463,10
Other sport/recreation,15-19,5216,17700.0,2013.7358176134544,0.11347956410867056,17700.0,True,passes conservative screen,23.3,1.8118707032236083,0.0778030367145756,10
Other sport/recreation,20-24,1604,6800.0,1147.7601965576753,0.16794528998420286,6800.0,True,passes conservative screen,9.0,1.6090600496457856,0.17940853599175577,10
Other sport/recreation,25-29,848,3500.0,573.406539459291,0.16470316332034798,3500.0,True,passes conservative screen,4.6,0.8180032301736938,0.17903935255266445,10
Other sport/recreation,30-34,589,2400.0,463.09275554749047,0.19008271278285133,2400.0,True,passes conservative screen,3.2,0.6663201633844802,0.20840674523648348,10
Other sport/recreation,35-39,340,1500.0,336.8214353194777,0.2206628742405158,1500.0,True,passes conservative screen,2.0,0.486710321923864,0.24297091346537078,10
Other sport/recreation,40-44,251,,286.7182403806517,0.24329580917142724,,False,estimate < 1200,,0.3963987097733922,0.2563100993487406,10
Other sport/recreation,45-49,148,,203.24339232910907,0.2949779040638683,,False,estimate < 1200,,0.27355587777192913,0.30253336802990505,10
Other sport/recreation,50-54,150,,225.75749921199227,0.31902530248280814,,False,estimate < 1200,,0.29781765264353965,0.32069158268750986,10
Other sport/recreation,55-59,128,,215.1800775830674,0.32677067498494605,,False,estimate < 1200; proportion CV unassessed or > 0.33,,0.2928285556534523,0.338850883286881,10
Other sport/recreation,60-64,88,,190.4705370001853,0.40596485309607444,,False,"estimate < 1200; CV bound outside [0, 0.33]; proportion CV unassessed or > 0.33",,0.2629501465499082,0.4270593432391759,10
Other sport/recreation,65-69,77,,177.5756125162446,0.4137904456278657,,False,"estimate < 1200; CV bound outside [0, 0.33]; proportion CV unassessed or > 0.33",,0.24149161513901327,0.4287986157090693,10
Other sport/recreation,70-74,49,,135.90750358588429,0.5233204097626108,,False,"estimate < 1200; CV bound outside [0, 0.33]; proportion CV unassessed or > 0.33",,0.1826151433262411,0.5358154193148499,10
Other sport/recreation,75-79,43,,126.17194346302787,0.5184101315058828,,False,"estimate < 1200; CV bound outside [0, 0.33]; proportion CV unassessed or > 0.33",,0.1683875304181635,0.5271992657113495,10
Other sport/recreation,80+,23,,91.8627654703726,0.6989615754692766,,False,"estimate < 1200; CV bound outside [0, 0.33]; proportion CV unassessed or > 0.33",,0.12237488201513934,0.7095128305899873,10
Combat sports,0-4,95,,108.4041232919679,0.4471856439231139,,False,"estimate < 1200; CV bound outside [0, 0.33]; proportion CV unassessed or > 0.33",,0.12853014790140266,0.44260813879358507,10
Combat sports,5-9,1728,4600.0,894.4544841663117,0.19413486412624684,4600.0,True,passes conservative screen,5.5,0.832463112325304,0.1508282269329052,10
Combat sports,10-14,6113,18400.0,2552.1018708910174,0.13863004234148826,18400.0,True,passes conservative screen,22.1,1.5646728895041107,0.07095046476192779,10
Combat sports,15-19,7715,27600.0,3470.1309934480355,0.12582878308840417,27600.0,True,passes conservative screen,33.0,1.7224582423854102,0.05213809586503909,10
Combat sports,20-24,2155,9400.0,1198.117257580679,0.12795316355642442,9400.0,True,passes conservative screen,11.2,1.1899947748898243,0.1060886921737872,10
Combat sports,25-29,1718,7300.0,978.8170859126261,0.13325457372822103,7300.0,True,passes conservative screen,8.8,0.9002018095522426,0.10230404395766332,10
Combat sports,30-34,1191,5200.0,724.385388203197,0.14002610998440768,5200.0,True,passes conservative screen,6.2,0.7614239599575465,0.12286783850464157,10
Combat sports,35-39,833,3700.0,610.5634773278709,0.16356356968521313,3700.0,True,passes conservative screen,4.5,0.6162879067160301,0.13781983979492646,10
Combat sports,40-44,575,2600.0,515.0218392426299,0.20152481737749467,2600.0,True,passes conservative screen,3.1,0.5683864395570548,0.18566025207232295,10
Combat sports,45-49,389,1700.0,392.4431085163457,0.2332028949995143,1700.0,True,passes conservative screen,2.0,0.4294814386280249,0.21304628545000287,10
Combat sports,50-54,250,,305.5050450111845,0.26426261236603227,,False,estimate < 1200,,0.34683778979339625,0.2504471444940167,10
Combat sports,55-59,143,,215.33994443485645,0.3309776101671363,,False,"estimate < 1200; CV bound outside [0, 0.33]",,0.24875535396145462,0.31916759629672575,10
Combat sports,60-64,109,,168.32499991633478,0.3813693551644825,,False,"estimate < 1200; CV bound outside [0, 0.33]; proportion CV unassessed or > 0.33",,0.20244265309390824,0.3828877983709941,10
Combat sports,65-69,63,,115.05307204114975,0.4336729111051931,,False,"estimate < 1200; CV bound outside [0, 0.33]; proportion CV unassessed or > 0.33",,0.13593380257582235,0.4277242552481853,10
Combat sports,70-74,21,,65.1882068208475,0.5849553915127134,,False,"estimate < 1200; CV bound outside [0, 0.33]; proportion CV unassessed or > 0.33",,0.0809584328185271,0.6064404242794857,10
Combat sports,75-79,21,,73.7056854601238,0.6275360608310865,,False,"estimate < 1200; CV bound outside [0, 0.33]; proportion CV unassessed or > 0.33",,0.09151610414507967,0.6504404753334665,10
Combat sports,80+,15,,34.70682569662005,0.7777985480353031,,False,"n < 20; estimate < 1200; CV bound outside [0, 0.33]; proportion CV unassessed or > 0.33",,0.04276278711696674,0.8000010802322733,10
Other ball sports,0-4,1871,4700.0,922.194786731265,0.1942068568884372,4700.0,True,passes conservative screen,7.0,1.0790625333600166,0.15317316787050733,10
Other ball sports,5-9,3886,10000.0,1535.5966297047205,0.15400863850196858,10000.0,True,passes conservative screen,14.8,1.777335494388681,0.12015214530719624,10
Other ball sports,10-14,6047,17700.0,2269.4042349889974,0.12841712608390612,17700.0,True,passes conservative screen,26.2,2.6496071351925687,0.10106173601632,10
Other ball sports,15-19,1771,6100.0,850.9641678597567,0.13858886792223382,6100.0,True,passes conservative screen,9.1,1.2461048258938594,0.13679361793273953,10
Other ball sports,20-24,529,2300.0,460.59139607593505,0.1961602394003425,2300.0,True,passes conservative screen,3.5,0.6860362521041681,0.1969411237442777,10
Other ball sports,25-29,571,2300.0,426.4117009621688,0.18161482984527524,2300.0,True,passes conservative screen,3.5,0.6784579243288551,0.19477772913892438,10
Other ball sports,30-34,536,2400.0,444.9736857463141,0.1888189382839034,2400.0,True,passes conservative screen,3.5,0.7163002583908988,0.20488044759386909,10
Other ball sports,35-39,402,1900.0,399.52496724541663,0.21285342815327224,1900.0,True,passes conservative screen,2.8,0.5969191967849917,0.21436133579490624,10
Other ball sports,40-44,351,1600.0,340.12089038026073,0.21609597740618702,1600.0,True,passes conservative screen,2.3,0.5153816887554956,0.2207173858117938,10
Other ball sports,45-49,279,1400.0,333.29688105598166,0.23996857948588388,1400.0,True,passes conservative screen,2.1,0.4774724375438616,0.23172112156070282,10
Other ball sports,50-54,309,1500.0,372.3109413261067,0.2532217568854649,1500.0,True,passes conservative screen,2.2,0.4903477930805437,0.22479861310440147,10
Other ball sports,55-59,367,1800.0,525.0522713704867,0.28784101934175105,1800.0,True,passes conservative screen,2.7,0.5764818285211164,0.2130246933773149,10
Other ball sports,60-64,523,,1020.7416394384567,0.3508189335563042,,False,"CV bound outside [0, 0.33]",,1.1292174411877844,0.2616007315288859,10
Other ball sports,65-69,703,,1438.1266405752808,0.36698009831533446,,False,"CV bound outside [0, 0.33]",,1.6254220578024998,0.27957975143987635,10
Other ball sports,70-74,553,,1309.244048755813,0.4032926414077918,,False,"CV bound outside [0, 0.33]",,1.498697932238968,0.3111773525810622,10
Other ball sports,75-79,363,,811.2618718712306,0.3874681161373992,,False,"CV bound outside [0, 0.33]",,0.9251493887557383,0.29783858254011136,10
Other ball sports,80+,280,,602.3067018873379,0.3967038563363791,,False,"CV bound outside [0, 0.33]",,0.6857302690285042,0.30443615696062726,10
Gymnastics/cheerleading,0-4,649,1400.0,336.2288181088321,0.24765150858425405,1400.0,True,passes conservative screen,2.4,0.4952881960984529,0.2073134580219737,10
Gymnastics/cheerleading,5-9,4748,12900.0,2389.347416862447,0.18531072837117218,12900.0,True,passes conservative screen,22.7,1.8485112769600944,0.08147171149573158,10
Gymnastics/cheerleading,10-14,7897,22900.0,3834.0811692133952,0.16750721919918413,22900.0,True,passes conservative screen,40.3,2.088253083610201,0.05184642690978421,10
Gymnastics/cheerleading,15-19,4787,16500.0,2234.156603452286,0.13554321425758595,16500.0,True,passes conservative screen,29.0,1.7831506835211615,0.06147742759188575,10
Gymnastics/cheerleading,20-24,352,1500.0,351.0541048042952,0.2300302299004174,1500.0,True,passes conservative screen,2.7,0.6414014510161998,0.23883846434815834,10
Gymnastics/cheerleading,25-29,122,,166.4779864245602,0.3264727080469166,,False,estimate < 1200; proportion CV unassessed or > 0.33,,0.31733714735482027,0.3536506452402802,10
Gymnastics/cheerleading,30-34,91,,153.14044889656364,0.3705366695131423,,False,"estimate < 1200; CV bound outside [0, 0.33]; proportion CV unassessed or > 0.33",,0.28244450257725945,0.38836302761047936,10
Gymnastics/cheerleading,35-39,61,,119.03196807439167,0.4388278879871964,,False,"estimate < 1200; CV bound outside [0, 0.33]; proportion CV unassessed or > 0.33",,0.21597754041756356,0.45248342024276417,10
Gymnastics/cheerleading,40-44,39,,99.62003575405708,0.5740115072732226,,False,"estimate < 1200; CV bound outside [0, 0.33]; proportion CV unassessed or > 0.33",,0.1735223224810127,0.5681888820320798,10
Gymnastics/cheerleading,45-49,23,,66.39391853532257,0.714353928034973,,False,"estimate < 1200; CV bound outside [0, 0.33]; proportion CV unassessed or > 0.33",,0.11944925680164821,0.7303517294042922,10
Gymnastics/cheerleading,50-54,17,,66.70875674292505,0.7617233097035042,,False,"n < 20; estimate < 1200; CV bound outside [0, 0.33]; proportion CV unassessed or > 0.33",,0.1215326803515538,0.7886257425133015,10
Gymnastics/cheerleading,55-59,11,,41.61007074207503,0.8373241640773257,,False,"n < 20; estimate < 1200; CV bound outside [0, 0.33]; proportion CV unassessed or > 0.33",,0.07814014939806856,0.8935788515998055,10
Gymnastics/cheerleading,60-64,8,,20.41283976376345,0.9333824009768495,,False,"n < 20; estimate < 1200; CV bound outside [0, 0.33]; proportion CV unassessed or > 0.33",,0.03787514288841311,0.9841786408959182,10
Gymnastics/cheerleading,65-69,4,,12.21455,1.0,,False,"n < 20; estimate < 1200; CV bound outside [0, 0.33]; proportion CV unassessed or > 0.33",,0.02322774191383814,1.0806697486596621,10
Gymnastics/cheerleading,70-74,4,,8.020643385216362,0.7233337949446775,,False,"n < 20; estimate < 1200; CV bound outside [0, 0.33]; proportion CV unassessed or > 0.33",,0.01634994215376432,0.8379329022204882,10
Gymnastics/cheerleading,75-79,4,,19.08967657447555,0.6986441745474583,,False,"n < 20; estimate < 1200; CV bound outside [0, 0.33]; proportion CV unassessed or > 0.33",,0.039174046167656684,0.8147406339580541,10
Gymnastics/cheerleading,80+,2,,5.792138721612252,0.7376941904932769,,False,"n < 20; estimate < 1200; CV bound outside [0, 0.33]; proportion CV unassessed or > 0.33",,0.011943044121227207,0.864402311334369,10
Volleyball,0-4,22,,35.26356416201902,0.7854426736478993,,False,"estimate < 1200; CV bound outside [0, 0.33]; proportion CV unassessed or > 0.33",,0.07115747542144003,0.8083498392518151,10
Volleyball,5-9,261,,223.62419983377225,0.3054007262230221,,False,estimate < 1200,,0.4197257553364719,0.29235291074491865,10
Volleyball,10-14,5534,16700.0,2226.7504587364833,0.13362594401993164,16700.0,True,passes conservative screen,32.7,2.17990194492861,0.06671857036486448,10
Volleyball,15-19,5689,19600.0,2422.075293464085,0.1235143834073274,19600.0,True,passes conservative screen,38.4,1.9510794675547487,0.05074524931806992,10
Volleyball,20-24,840,3800.0,804.0215823033654,0.2134374125070105,3800.0,True,passes conservative screen,7.4,1.3680390861231966,0.18522170745559133,10
Volleyball,25-29,536,2400.0,452.42598705510136,0.19154453259370685,2400.0,True,passes conservative screen,4.6,0.8075426038078253,0.17437258198483024,10
Volleyball,30-34,421,1900.0,387.13222953672096,0.20584931420170713,1900.0,True,passes conservative screen,3.7,0.7012048509144528,0.1901627917515309,10
Volleyball,35-39,332,1600.0,389.5620705225674,0.25026383242856065,1600.0,True,passes conservative screen,3.1,0.7158247872635738,0.23454095828976296,10
Volleyball,40-44,262,1300.0,345.66626417713053,0.2724527480882252,1300.0,True,passes conservative screen,2.5,0.6087523884097022,0.2447177167135348,10
Volleyball,45-49,192,,292.53224774329567,0.31507377567431755,,False,estimate < 1200,,0.5096791164553447,0.27997927546801277,10
Volleyball,50-54,137,,207.63200072352,0.3381784326482519,,False,"estimate < 1200; CV bound outside [0, 0.33]",,0.3761808507817567,0.31249195385794915,10
Volleyball,55-59,99,,198.62064588328872,0.40157949887175926,,False,"estimate < 1200; CV bound outside [0, 0.33]; proportion CV unassessed or > 0.33",,0.38112491847613456,0.3930112887031131,10
Volleyball,60-64,74,,155.6105891574852,0.44004509181763046,,False,"estimate < 1200; CV bound outside [0, 0.33]; proportion CV unassessed or > 0.33",,0.28493667096096104,0.4109575061178605,10
Volleyball,65-69,53,,153.6974185145991,0.5207859022162442,,False,"estimate < 1200; CV bound outside [0, 0.33]; proportion CV unassessed or > 0.33",,0.2869534378871028,0.49590057891218015,10
Volleyball,70-74,36,,111.81568832779976,0.6023706062828339,,False,"estimate < 1200; CV bound outside [0, 0.33]; proportion CV unassessed or > 0.33",,0.2161887691163749,0.5939976075243791,10
Volleyball,75-79,27,,79.90384439211812,0.6607313770130302,,False,"estimate < 1200; CV bound outside [0, 0.33]; proportion CV unassessed or > 0.33",,0.16023743539500998,0.6757900275269576,10
Volleyball,80+,26,,72.09563706899087,0.580378112810041,,False,"estimate < 1200; CV bound outside [0, 0.33]; proportion CV unassessed or > 0.33",,0.1435580817511993,0.5894136994536305,10
Snow sports,0-4,55,,140.4178394952297,0.6455532571022741,,False,"estimate < 1200; CV bound outside [0, 0.33]; proportion CV unassessed or > 0.33",,0.18709748373535734,0.5328527818648032,10
Snow sports,5-9,576,,1216.3509077344474,0.518650034441879,,False,"CV bound outside [0, 0.33]",,0.9736413892938325,0.2571840644564712,10
Snow sports,10-14,2418,,3985.705273713223,0.38427342701170136,,False,"CV bound outside [0, 0.33]",,2.385168430414318,0.1424569773681252,10
Snow sports,15-19,2348,11400.0,3256.3207282809776,0.2868279008449453,11400.0,True,passes conservative screen,18.3,1.8863725854591717,0.10293218635695056,10
Snow sports,20-24,1970,10000.0,2681.54478085547,0.2687522931051006,10000.0,True,passes conservative screen,16.1,1.8658696220525972,0.11584516681789324,10
Snow sports,25-29,1319,6100.0,1566.8327583253817,0.2568213976448478,6100.0,True,passes conservative screen,9.8,1.459882674170676,0.1482367952071494,10
Snow sports,30-34,740,3500.0,1021.3293162923555,0.2895186885830026,3500.0,True,passes conservative screen,5.7,1.0568743417034308,0.18559388371498106,10
Snow sports,35-39,558,2900.0,919.8223624341754,0.31750739956138563,2900.0,True,passes conservative screen,4.7,0.8234719886453604,0.17608737470723695,10
Snow sports,40-44,551,,1196.075033954647,0.38908481971883824,,False,"CV bound outside [0, 0.33]",,0.7794261916109279,0.15706895628833026,10
Snow sports,45-49,501,,1120.1974513849086,0.41264679905882595,,False,"CV bound outside [0, 0.33]",,0.7816275895319169,0.17836649631243917,10
Snow sports,50-54,385,,824.3291495540212,0.3917876035685114,,False,"CV bound outside [0, 0.33]",,0.568006531680516,0.16723719068689918,10
Snow sports,55-59,361,,728.6577251166011,0.3698783715429746,,False,"CV bound outside [0, 0.33]",,0.560456788738857,0.1762410201514097,10
Snow sports,60-64,327,,841.8568947150874,0.4191494116903124,,False,"CV bound outside [0, 0.33]",,0.6763063773241829,0.2085948448296826,10
Snow sports,65-69,246,,746.9729084871526,0.48097972883913304,,False,"CV bound outside [0, 0.33]",,0.7732911100867769,0.30845686500075153,10
Snow sports,70-74,171,,537.2960952208563,0.5182987811525286,,False,"estimate < 1200; CV bound outside [0, 0.33]",,0.479888893815153,0.28677197205246235,10
Snow sports,75-79,68,,257.7188048306184,0.6129385400465424,,False,"estimate < 1200; CV bound outside [0, 0.33]; proportion CV unassessed or > 0.33",,0.3211959208860761,0.47322790154761546,10
Snow sports,80+,41,,177.95817969750337,0.6448824657342109,,False,"estimate < 1200; CV bound outside [0, 0.33]; proportion CV unassessed or > 0.33",,0.21454352940750054,0.4816233513158445,10
Hockey,0-4,64,,110.55496712996145,0.5450946697903295,,False,"estimate < 1200; CV bound outside [0, 0.33]; proportion CV unassessed or > 0.33",,0.2824064004459688,0.5343092297178011,10
Hockey,5-9,850,2000.0,532.382677877446,0.2691257230012664,2000.0,True,passes conservative screen,5.2,0.8550068868163013,0.1658537790194825,10
Hockey,10-14,4011,10200.0,2623.2465676112874,0.2582811654199496,10200.0,True,passes conservative screen,26.5,2.573557737433154,0.09723262387758436,10
Hockey,15-19,3995,11800.0,2933.6589480128837,0.24807490881082725,11800.0,True,passes conservative screen,30.8,2.44756289566082,0.07942030362387445,10
Hockey,20-24,909,4000.0,1057.881592419833,0.26228505021369236,4000.0,True,passes conservative screen,10.5,1.9821367196484283,0.188579530209593,10
Hockey,25-29,522,2200.0,697.2370735183064,0.32350087126619664,2200.0,True,passes conservative screen,5.6,1.114500069258664,0.19842644359141606,10
Hockey,30-34,504,2100.0,613.4900263869415,0.28669386904701005,2100.0,True,passes conservative screen,5.6,1.0121809131002457,0.18150705398700712,10
Hockey,35-39,333,1500.0,448.58596031104935,0.30652679681611145,1500.0,True,passes conservative screen,3.8,0.8894621730839299,0.23322479418544817,10
Hockey,40-44,265,1200.0,387.5888557997055,0.32296712310947084,1200.0,True,passes conservative screen,3.1,0.7605421002301346,0.24318386617201762,10
Hockey,45-49,194,,303.2710176553263,0.3558382100189871,,False,"estimate < 1200; CV bound outside [0, 0.33]",,0.6211899514876836,0.27968589172462405,10
Hockey,50-54,176,,276.32658664547944,0.35398171468421535,,False,"estimate < 1200; CV bound outside [0, 0.33]",,0.569714866099572,0.28005296419816017,10
Hockey,55-59,144,,235.76837085572498,0.37563823787521494,,False,"estimate < 1200; CV bound outside [0, 0.33]; proportion CV unassessed or > 0.33",,0.5409756105775642,0.3307397572167009,10
Hockey,60-64,118,,199.62253482548013,0.39038858919219743,,False,"estimate < 1200; CV bound outside [0, 0.33]; proportion CV unassessed or > 0.33",,0.455253714313789,0.3416374820069024,10
Hockey,65-69,49,,106.66274753180491,0.5167403502427077,,False,"estimate < 1200; CV bound outside [0, 0.33]; proportion CV unassessed or > 0.33",,0.28684376554769847,0.533248311895222,10
Hockey,70-74,25,,87.96880715005561,0.6370754180936044,,False,"estimate < 1200; CV bound outside [0, 0.33]; proportion CV unassessed or > 0.33",,0.23463348552944882,0.6520435489889697,10
Hockey,75-79,14,,49.31947431558469,0.8133817285598933,,False,"n < 20; estimate < 1200; CV bound outside [0, 0.33]; proportion CV unassessed or > 0.33",,0.1342997699676064,0.8499154181130337,10
Hockey,80+,9,,32.73178286181452,0.8066712455679741,,False,"n < 20; estimate < 1200; CV bound outside [0, 0.33]; proportion CV unassessed or > 0.33",,0.09327373616757355,0.8820856433503768,10
Fishing,0-4,413,1800.0,429.5210723225079,0.24376310471566692,1800.0,True,passes conservative screen,2.8,0.64523637764224,0.2268084694551671,10
Fishing,5-9,979,4400.0,912.9626001609537,0.20767192587776462,4400.0,True,passes conservative screen,7.1,0.9446850017607136,0.13309714811582998,10
Fishing,10-14,1440,7400.0,1551.202289029316,0.21081649097353544,7400.0,True,passes conservative screen,11.9,1.32244967260417,0.11131975010630382,10
Fishing,15-19,949,5500.0,1239.541475086377,0.2265520241058599,5500.0,True,passes conservative screen,8.8,1.0957129378866517,0.12403966925850747,10
Fishing,20-24,661,3800.0,802.0945136474338,0.21148719212765774,3800.0,True,passes conservative screen,6.1,0.8437125446574094,0.13778754360686976,10
Fishing,25-29,629,3500.0,737.7510678890887,0.21274805612839237,3500.0,True,passes conservative screen,5.6,0.8307941689811957,0.14839050730548123,10
Fishing,30-34,652,3700.0,778.1831861049507,0.20855179794359646,3700.0,True,passes conservative screen,6.0,0.8208453150602164,0.13625434023866567,10
Fishing,35-39,699,4100.0,764.2320288332064,0.18564091706879848,4100.0,True,passes conservative screen,6.6,0.8111310366507055,0.12203837482553094,10
Fishing,40-44,628,3500.0,683.9556863680444,0.1961018477603679,3500.0,True,passes conservative screen,5.6,0.7877417934396056,0.13989253324497755,10
Fishing,45-49,698,4000.0,804.3797152764057,0.19907477375596255,4000.0,True,passes conservative screen,6.5,0.8625707427816492,0.13222292799938243,10
Fishing,50-54,720,4000.0,757.9737196280745,0.18766749043949524,4000.0,True,passes conservative screen,6.5,0.8718210949841101,0.13369624123905902,10
Fishing,55-59,759,4300.0,816.5380297596954,0.19050753356869185,4300.0,True,passes conservative screen,6.9,0.8425507523505189,0.12175554096038728,10
Fishing,60-64,633,3700.0,713.9544081968662,0.19360402739579355,3700.0,True,passes conservative screen,6.0,0.8159596312441113,0.1370469917367101,10
Fishing,65-69,558,3300.0,664.4812014089541,0.20212853956521945,3300.0,True,passes conservative screen,5.3,0.8039748853815115,0.15147618112586705,10
Fishing,70-74,420,2400.0,556.4689570709631,0.22794621073418775,2400.0,True,passes conservative screen,3.9,0.7204323158176128,0.18278541809865326,10
Fishing,75-79,231,1500.0,397.95650792085416,0.27421846993147636,1500.0,True,passes conservative screen,2.3,0.5319581399819923,0.227036392174602,10
Fishing,80+,197,,336.4173341584381,0.3001272791321684,,False,estimate < 1200,,0.4752370387693254,0.262599752909885,10
