Body_Region,Age_Band,n,denominator_n,percent,reportable,reason
Head/face,0-4,8292,16949,48.9,True,sample descriptive percentage; n >=20
Head/face,5-9,26756,68554,39.0,True,sample descriptive percentage; n >=20
Head/face,10-14,45307,196193,23.1,True,sample descriptive percentage; n >=20
Head/face,15-17,28503,123230,23.1,True,sample descriptive percentage; n >=20
Head/face,18-24,15712,77635,20.2,True,sample descriptive percentage; n >=20
Head/face,25-34,8940,59562,15.0,True,sample descriptive percentage; n >=20
Head/face,35-44,5053,37793,13.4,True,sample descriptive percentage; n >=20
Head/face,45-54,3577,26453,13.5,True,sample descriptive percentage; n >=20
Head/face,55-64,2888,21763,13.3,True,sample descriptive percentage; n >=20
Head/face,65-74,2941,18375,16.0,True,sample descriptive percentage; n >=20
Head/face,75+,2736,13130,20.8,True,sample descriptive percentage; n >=20
Neck,0-4,151,16949,0.9,True,sample descriptive percentage; n >=20
Neck,5-9,1234,68554,1.8,True,sample descriptive percentage; n >=20
Neck,10-14,3217,196193,1.6,True,sample descriptive percentage; n >=20
Neck,15-17,2088,123230,1.7,True,sample descriptive percentage; n >=20
Neck,18-24,1239,77635,1.6,True,sample descriptive percentage; n >=20
Neck,25-34,1229,59562,2.1,True,sample descriptive percentage; n >=20
Neck,35-44,841,37793,2.2,True,sample descriptive percentage; n >=20
Neck,45-54,603,26453,2.3,True,sample descriptive percentage; n >=20
Neck,55-64,409,21763,1.9,True,sample descriptive percentage; n >=20
Neck,65-74,341,18375,1.9,True,sample descriptive percentage; n >=20
Neck,75+,232,13130,1.8,True,sample descriptive percentage; n >=20
Shoulder/upper arm,0-4,333,16949,2.0,True,sample descriptive percentage; n >=20
Shoulder/upper arm,5-9,2625,68554,3.8,True,sample descriptive percentage; n >=20
Shoulder/upper arm,10-14,10522,196193,5.4,True,sample descriptive percentage; n >=20
Shoulder/upper arm,15-17,9109,123230,7.4,True,sample descriptive percentage; n >=20
Shoulder/upper arm,18-24,7249,77635,9.3,True,sample descriptive percentage; n >=20
Shoulder/upper arm,25-34,5138,59562,8.6,True,sample descriptive percentage; n >=20
Shoulder/upper arm,35-44,3303,37793,8.7,True,sample descriptive percentage; n >=20
Shoulder/upper arm,45-54,2249,26453,8.5,True,sample descriptive percentage; n >=20
Shoulder/upper arm,55-64,1742,21763,8.0,True,sample descriptive percentage; n >=20
Shoulder/upper arm,65-74,1335,18375,7.3,True,sample descriptive percentage; n >=20
Shoulder/upper arm,75+,776,13130,5.9,True,sample descriptive percentage; n >=20
Elbow/forearm,0-4,965,16949,5.7,True,sample descriptive percentage; n >=20
Elbow/forearm,5-9,6932,68554,10.1,True,sample descriptive percentage; n >=20
Elbow/forearm,10-14,16243,196193,8.3,True,sample descriptive percentage; n >=20
Elbow/forearm,15-17,5902,123230,4.8,True,sample descriptive percentage; n >=20
Elbow/forearm,18-24,2429,77635,3.1,True,sample descriptive percentage; n >=20
Elbow/forearm,25-34,1870,59562,3.1,True,sample descriptive percentage; n >=20
Elbow/forearm,35-44,1269,37793,3.4,True,sample descriptive percentage; n >=20
Elbow/forearm,45-54,875,26453,3.3,True,sample descriptive percentage; n >=20
Elbow/forearm,55-64,796,21763,3.7,True,sample descriptive percentage; n >=20
Elbow/forearm,65-74,702,18375,3.8,True,sample descriptive percentage; n >=20
Elbow/forearm,75+,437,13130,3.3,True,sample descriptive percentage; n >=20
Wrist/hand,0-4,1508,16949,8.9,True,sample descriptive percentage; n >=20
Wrist/hand,5-9,10850,68554,15.8,True,sample descriptive percentage; n >=20
Wrist/hand,10-14,42569,196193,21.7,True,sample descriptive percentage; n >=20
Wrist/hand,15-17,18911,123230,15.3,True,sample descriptive percentage; n >=20
Wrist/hand,18-24,10118,77635,13.0,True,sample descriptive percentage; n >=20
Wrist/hand,25-34,7238,59562,12.2,True,sample descriptive percentage; n >=20
Wrist/hand,35-44,4333,37793,11.5,True,sample descriptive percentage; n >=20
Wrist/hand,45-54,2946,26453,11.1,True,sample descriptive percentage; n >=20
Wrist/hand,55-64,2533,21763,11.6,True,sample descriptive percentage; n >=20
Wrist/hand,65-74,1877,18375,10.2,True,sample descriptive percentage; n >=20
Wrist/hand,75+,898,13130,6.8,True,sample descriptive percentage; n >=20
Trunk/spine,0-4,496,16949,2.9,True,sample descriptive percentage; n >=20
Trunk/spine,5-9,3929,68554,5.7,True,sample descriptive percentage; n >=20
Trunk/spine,10-14,15127,196193,7.7,True,sample descriptive percentage; n >=20
Trunk/spine,15-17,11829,123230,9.6,True,sample descriptive percentage; n >=20
Trunk/spine,18-24,9802,77635,12.6,True,sample descriptive percentage; n >=20
Trunk/spine,25-34,11232,59562,18.9,True,sample descriptive percentage; n >=20
Trunk/spine,35-44,8352,37793,22.1,True,sample descriptive percentage; n >=20
Trunk/spine,45-54,6786,26453,25.7,True,sample descriptive percentage; n >=20
Trunk/spine,55-64,6280,21763,28.9,True,sample descriptive percentage; n >=20
Trunk/spine,65-74,5574,18375,30.3,True,sample descriptive percentage; n >=20
Trunk/spine,75+,4256,13130,32.4,True,sample descriptive percentage; n >=20
Hip/thigh,0-4,435,16949,2.6,True,sample descriptive percentage; n >=20
Hip/thigh,5-9,1556,68554,2.3,True,sample descriptive percentage; n >=20
Hip/thigh,10-14,3265,196193,1.7,True,sample descriptive percentage; n >=20
Hip/thigh,15-17,2240,123230,1.8,True,sample descriptive percentage; n >=20
Hip/thigh,18-24,1530,77635,2.0,True,sample descriptive percentage; n >=20
Hip/thigh,25-34,1231,59562,2.1,True,sample descriptive percentage; n >=20
Hip/thigh,35-44,785,37793,2.1,True,sample descriptive percentage; n >=20
Hip/thigh,45-54,553,26453,2.1,True,sample descriptive percentage; n >=20
Hip/thigh,55-64,458,21763,2.1,True,sample descriptive percentage; n >=20
Hip/thigh,65-74,356,18375,1.9,True,sample descriptive percentage; n >=20
Hip/thigh,75+,277,13130,2.1,True,sample descriptive percentage; n >=20
Knee,0-4,228,16949,1.3,True,sample descriptive percentage; n >=20
Knee,5-9,2791,68554,4.1,True,sample descriptive percentage; n >=20
Knee,10-14,17091,196193,8.7,True,sample descriptive percentage; n >=20
Knee,15-17,13660,123230,11.1,True,sample descriptive percentage; n >=20
Knee,18-24,8996,77635,11.6,True,sample descriptive percentage; n >=20
Knee,25-34,6856,59562,11.5,True,sample descriptive percentage; n >=20
Knee,35-44,3922,37793,10.4,True,sample descriptive percentage; n >=20
Knee,45-54,2520,26453,9.5,True,sample descriptive percentage; n >=20
Knee,55-64,1948,21763,9.0,True,sample descriptive percentage; n >=20
Knee,65-74,1279,18375,7.0,True,sample descriptive percentage; n >=20
Knee,75+,736,13130,5.6,True,sample descriptive percentage; n >=20
Lower leg,0-4,574,16949,3.4,True,sample descriptive percentage; n >=20
Lower leg,5-9,2085,68554,3.0,True,sample descriptive percentage; n >=20
Lower leg,10-14,7299,196193,3.7,True,sample descriptive percentage; n >=20
Lower leg,15-17,4491,123230,3.6,True,sample descriptive percentage; n >=20
Lower leg,18-24,2642,77635,3.4,True,sample descriptive percentage; n >=20
Lower leg,25-34,3502,59562,5.9,True,sample descriptive percentage; n >=20
Lower leg,35-44,2998,37793,7.9,True,sample descriptive percentage; n >=20
Lower leg,45-54,2015,26453,7.6,True,sample descriptive percentage; n >=20
Lower leg,55-64,1362,21763,6.3,True,sample descriptive percentage; n >=20
Lower leg,65-74,1008,18375,5.5,True,sample descriptive percentage; n >=20
Lower leg,75+,612,13130,4.7,True,sample descriptive percentage; n >=20
Ankle,0-4,219,16949,1.3,True,sample descriptive percentage; n >=20
Ankle,5-9,3911,68554,5.7,True,sample descriptive percentage; n >=20
Ankle,10-14,21825,196193,11.1,True,sample descriptive percentage; n >=20
Ankle,15-17,18655,123230,15.1,True,sample descriptive percentage; n >=20
Ankle,18-24,11493,77635,14.8,True,sample descriptive percentage; n >=20
Ankle,25-34,6670,59562,11.2,True,sample descriptive percentage; n >=20
Ankle,35-44,3235,37793,8.6,True,sample descriptive percentage; n >=20
Ankle,45-54,1582,26453,6.0,True,sample descriptive percentage; n >=20
Ankle,55-64,970,21763,4.5,True,sample descriptive percentage; n >=20
Ankle,65-74,585,18375,3.2,True,sample descriptive percentage; n >=20
Ankle,75+,259,13130,2.0,True,sample descriptive percentage; n >=20
Foot/toes,0-4,1130,16949,6.7,True,sample descriptive percentage; n >=20
Foot/toes,5-9,4013,68554,5.9,True,sample descriptive percentage; n >=20
Foot/toes,10-14,10922,196193,5.6,True,sample descriptive percentage; n >=20
Foot/toes,15-17,5690,123230,4.6,True,sample descriptive percentage; n >=20
Foot/toes,18-24,4424,77635,5.7,True,sample descriptive percentage; n >=20
Foot/toes,25-34,3873,59562,6.5,True,sample descriptive percentage; n >=20
Foot/toes,35-44,2456,37793,6.5,True,sample descriptive percentage; n >=20
Foot/toes,45-54,1600,26453,6.0,True,sample descriptive percentage; n >=20
Foot/toes,55-64,1060,21763,4.9,True,sample descriptive percentage; n >=20
Foot/toes,65-74,627,18375,3.4,True,sample descriptive percentage; n >=20
Foot/toes,75+,283,13130,2.2,True,sample descriptive percentage; n >=20
Multiple/systemic,0-4,2183,16949,12.9,True,sample descriptive percentage; n >=20
Multiple/systemic,5-9,1459,68554,2.1,True,sample descriptive percentage; n >=20
Multiple/systemic,10-14,2147,196193,1.1,True,sample descriptive percentage; n >=20
Multiple/systemic,15-17,1682,123230,1.4,True,sample descriptive percentage; n >=20
Multiple/systemic,18-24,1624,77635,2.1,True,sample descriptive percentage; n >=20
Multiple/systemic,25-34,1484,59562,2.5,True,sample descriptive percentage; n >=20
Multiple/systemic,35-44,1001,37793,2.6,True,sample descriptive percentage; n >=20
Multiple/systemic,45-54,943,26453,3.6,True,sample descriptive percentage; n >=20
Multiple/systemic,55-64,1050,21763,4.8,True,sample descriptive percentage; n >=20
Multiple/systemic,65-74,1399,18375,7.6,True,sample descriptive percentage; n >=20
Multiple/systemic,75+,1284,13130,9.8,True,sample descriptive percentage; n >=20
Internal/systemic,0-4,339,16949,2.0,True,sample descriptive percentage; n >=20
Internal/systemic,5-9,147,68554,0.2,True,sample descriptive percentage; n >=20
Internal/systemic,10-14,74,196193,0.0,True,sample descriptive percentage; n >=20
Internal/systemic,15-17,27,123230,0.0,True,sample descriptive percentage; n >=20
Internal/systemic,18-24,12,77635,,False,sample n <20 or no denominator
Internal/systemic,25-34,12,59562,,False,sample n <20 or no denominator
Internal/systemic,35-44,6,37793,,False,sample n <20 or no denominator
Internal/systemic,45-54,5,26453,,False,sample n <20 or no denominator
Internal/systemic,55-64,8,21763,,False,sample n <20 or no denominator
Internal/systemic,65-74,3,18375,,False,sample n <20 or no denominator
Internal/systemic,75+,4,13130,,False,sample n <20 or no denominator
Not stated/other,0-4,96,16949,0.6,True,sample descriptive percentage; n >=20
Not stated/other,5-9,266,68554,0.4,True,sample descriptive percentage; n >=20
Not stated/other,10-14,585,196193,0.3,True,sample descriptive percentage; n >=20
Not stated/other,15-17,443,123230,0.4,True,sample descriptive percentage; n >=20
Not stated/other,18-24,365,77635,0.5,True,sample descriptive percentage; n >=20
Not stated/other,25-34,287,59562,0.5,True,sample descriptive percentage; n >=20
Not stated/other,35-44,239,37793,0.6,True,sample descriptive percentage; n >=20
Not stated/other,45-54,199,26453,0.8,True,sample descriptive percentage; n >=20
Not stated/other,55-64,259,21763,1.2,True,sample descriptive percentage; n >=20
Not stated/other,65-74,348,18375,1.9,True,sample descriptive percentage; n >=20
Not stated/other,75+,340,13130,2.6,True,sample descriptive percentage; n >=20
