year,raw_age_code,n
2016,2,12728
2016,3,10641
2016,14,9623
2016,13,9469
2016,12,9294
2016,15,9093
2016,4,8847
2016,11,8553
2016,16,8368
2016,10,8349
2016,5,8046
2016,9,7871
2016,8,7615
2016,6,7579
2016,7,7429
2016,17,7270
2016,18,5617
2016,19,4738
2016,20,4503
2016,21,4461
2016,22,4316
2016,23,4262
2016,25,4210
2016,24,4015
2016,26,3919
2016,27,3843
2016,28,3763
2016,29,3702
2016,30,3615
2016,31,3615
2016,32,3435
2016,33,3409
2016,34,3375
2016,35,3315
2016,36,3261
2016,54,3185
2016,55,3163
2016,37,3114
2016,53,3098
2016,51,3080
2016,57,3073
2016,52,3049
2016,38,3023
2016,56,3002
2016,58,3000
2016,45,2985
2016,39,2972
2016,50,2931
2016,46,2926
2016,49,2925
2016,59,2825
2016,48,2816
2016,47,2801
2016,60,2755
2016,61,2732
2016,40,2709
2016,44,2696
2016,42,2667
2016,41,2646
2016,43,2614
2016,62,2593
2016,69,2501
2016,63,2465
2016,64,2441
2016,65,2393
2016,68,2373
2016,67,2357
2016,66,2336
2016,73,2118
2016,70,2022
2016,74,1988
2016,71,1963
2016,72,1948
2016,75,1902
2016,78,1901
2016,79,1871
2016,82,1853
2016,81,1828
2016,84,1803
2016,76,1791
2016,77,1781
2016,85,1768
2016,80,1758
2016,86,1758
2016,87,1746
2016,83,1735
2016,88,1640
2016,89,1539
2016,90,1406
2016,91,1319
2016,219,1264
2016,218,1253
2016,217,1251
2016,220,1247
2016,215,1221
2016,221,1194
2016,223,1169
2016,222,1157
2016,92,1155
2016,214,1153
2016,212,1152
2016,216,1151
2016,213,1149
2016,209,1016
2016,208,994
2016,211,971
2016,210,969
2016,93,957
2016,207,857
2016,206,737
2016,94,712
2016,201,654
2016,205,636
2016,95,598
2016,202,482
2016,204,476
2016,96,424
2016,203,419
2016,97,308
2016,98,216
2016,99,119
2016,100,98
2016,101,74
2016,0,49
2016,102,30
2016,103,24
2016,104,10
2016,105,10
2016,106,5
2016,108,1
2016,110,1
2017,2,13208
2017,3,10968
2017,13,9980
2017,14,9877
2017,12,9521
2017,15,9280
2017,4,9254
2017,11,9152
2017,10,8870
2017,16,8481
2017,5,8358
2017,9,8272
2017,6,8018
2017,8,7806
2017,7,7619
2017,17,7439
2017,18,5533
2017,19,4805
2017,20,4571
2017,21,4401
2017,27,4020
2017,24,3997
2017,22,3990
2017,25,3929
2017,23,3919
2017,26,3915
2017,28,3816
2017,29,3731
2017,31,3617
2017,30,3616
2017,32,3573
2017,33,3322
2017,35,3302
2017,36,3299
2017,55,3260
2017,53,3233
2017,34,3207
2017,57,3204
2017,54,3181
2017,56,3177
2017,52,3170
2017,37,3052
2017,58,3023
2017,38,3011
2017,59,3010
2017,46,2981
2017,51,2979
2017,60,2935
2017,48,2900
2017,50,2894
2017,61,2893
2017,47,2887
2017,62,2848
2017,45,2820
2017,40,2797
2017,39,2793
2017,49,2714
2017,63,2661
2017,70,2649
2017,64,2648
2017,42,2634
2017,41,2608
2017,65,2607
2017,43,2606
2017,69,2596
2017,44,2574
2017,67,2559
2017,66,2540
2017,68,2512
2017,74,2282
2017,75,2225
2017,71,2148
2017,73,2139
2017,72,2119
2017,77,2073
2017,80,2072
2017,82,2062
2017,79,2057
2017,76,2009
2017,78,2005
2017,81,1993
2017,85,1947
2017,86,1926
2017,84,1919
2017,87,1908
2017,83,1871
2017,88,1764
2017,89,1707
2017,90,1585
2017,91,1413
2017,222,1320
2017,220,1316
2017,219,1275
2017,221,1240
2017,218,1224
2017,92,1198
2017,215,1190
2017,214,1187
2017,223,1171
2017,216,1170
2017,217,1163
2017,212,1131
2017,213,1085
2017,211,1021
2017,210,1010
2017,93,1010
2017,209,993
2017,208,991
2017,207,883
2017,94,802
2017,206,759
2017,201,688
2017,95,659
2017,205,628
2017,204,487
2017,96,472
2017,202,466
2017,203,420
2017,97,340
2017,98,270
2017,99,161
2017,100,120
2017,101,68
2017,102,55
2017,103,27
2017,0,20
2017,104,18
2017,105,11
2017,106,5
2017,109,2
2017,108,1
2017,113,1
2017,111,1
2018,2,12430
2018,3,10219
2018,13,8804
2018,14,8719
2018,12,8639
2018,4,8482
2018,15,8251
2018,11,8247
2018,10,7928
2018,5,7782
2018,16,7694
2018,9,7339
2018,6,7040
2018,7,6947
2018,8,6834
2018,17,6818
2018,18,5202
2018,20,4182
2018,19,4168
2018,21,3888
2018,28,3663
2018,22,3610
2018,26,3515
2018,25,3510
2018,29,3494
2018,27,3482
2018,23,3462
2018,24,3452
2018,30,3308
2018,31,3211
2018,54,3194
2018,32,3179
2018,33,3138
2018,34,3089
2018,57,3082
2018,56,3079
2018,53,3047
2018,36,3012
2018,55,2970
2018,35,2964
2018,59,2958
2018,38,2951
2018,58,2944
2018,52,2932
2018,60,2924
2018,37,2908
2018,61,2882
2018,62,2836
2018,48,2829
2018,71,2759
2018,47,2705
2018,39,2705
2018,63,2688
2018,40,2674
2018,50,2663
2018,64,2651
2018,70,2635
2018,65,2631
2018,49,2629
2018,51,2608
2018,67,2595
2018,69,2585
2018,41,2584
2018,66,2579
2018,68,2564
2018,46,2554
2018,44,2539
2018,43,2441
2018,42,2425
2018,45,2412
2018,75,2353
2018,74,2307
2018,73,2199
2018,78,2154
2018,72,2141
2018,81,2080
2018,83,2061
2018,76,2050
2018,80,2016
2018,82,2008
2018,77,1998
2018,79,1971
2018,84,1924
2018,87,1848
2018,85,1827
2018,86,1818
2018,88,1765
2018,89,1654
2018,90,1587
2018,91,1375
2018,218,1202
2018,217,1165
2018,92,1164
2018,219,1163
2018,220,1162
2018,221,1140
2018,222,1135
2018,216,1110
2018,212,1099
2018,215,1076
2018,214,1040
2018,223,1021
2018,211,1008
2018,209,987
2018,93,986
2018,213,984
2018,210,941
2018,208,916
2018,94,880
2018,207,863
2018,206,717
2018,95,705
2018,205,632
2018,201,602
2018,96,502
2018,202,463
2018,204,445
2018,97,396
2018,203,393
2018,98,271
2018,99,170
2018,100,137
2018,101,72
2018,102,39
2018,103,32
2018,0,18
2018,104,15
2018,105,5
2018,107,5
2018,106,3
2018,110,2
2019,2,12173
2019,3,10227
2019,14,8784
2019,13,8751
2019,12,8677
2019,4,8526
2019,11,8230
2019,15,8195
2019,5,7862
2019,10,7711
2019,16,7376
2019,6,7174
2019,9,7014
2019,7,6908
2019,8,6745
2019,17,6580
2019,18,4842
2019,19,4214
2019,20,3950
2019,21,3720
2019,28,3493
2019,24,3372
2019,27,3358
2019,22,3348
2019,25,3339
2019,29,3338
2019,23,3303
2019,30,3275
2019,26,3238
2019,31,3119
2019,32,3086
2019,56,3031
2019,57,2991
2019,58,2982
2019,55,2981
2019,59,2971
2019,60,2967
2019,54,2961
2019,34,2956
2019,33,2940
2019,72,2911
2019,36,2900
2019,61,2882
2019,64,2867
2019,35,2854
2019,62,2814
2019,38,2792
2019,37,2762
2019,39,2755
2019,63,2754
2019,53,2727
2019,65,2699
2019,52,2699
2019,71,2695
2019,67,2671
2019,50,2668
2019,48,2656
2019,70,2652
2019,49,2639
2019,68,2624
2019,66,2612
2019,51,2576
2019,76,2554
2019,41,2517
2019,40,2513
2019,69,2499
2019,47,2485
2019,75,2435
2019,42,2395
2019,46,2381
2019,43,2302
2019,44,2290
2019,74,2279
2019,45,2259
2019,77,2245
2019,73,2228
2019,80,2176
2019,78,2161
2019,79,2147
2019,82,2147
2019,83,2129
2019,81,2107
2019,84,2026
2019,85,2021
2019,86,1896
2019,87,1885
2019,88,1803
2019,89,1688
2019,90,1545
2019,91,1461
2019,92,1261
2019,221,1186
2019,218,1166
2019,220,1154
2019,219,1153
2019,217,1144
2019,222,1132
2019,216,1083
2019,215,1063
2019,93,1053
2019,214,1046
2019,223,1032
2019,213,1012
2019,210,1005
2019,208,1003
2019,209,992
2019,212,988
2019,211,966
2019,94,898
2019,207,891
2019,206,807
2019,95,705
2019,205,648
2019,201,634
2019,96,542
2019,204,531
2019,202,449
2019,97,430
2019,203,420
2019,98,294
2019,99,180
2019,100,106
2019,101,93
2019,102,53
2019,0,37
2019,103,28
2019,104,17
2019,105,7
2019,107,6
2019,106,4
2019,110,2
2019,108,1
2019,112,1
2020,2,11893
2020,3,9915
2020,4,8203
2020,5,7165
2020,6,6280
2020,13,6012
2020,12,5998
2020,14,5830
2020,11,5727
2020,7,5683
2020,10,5545
2020,15,5541
2020,9,5347
2020,8,5181
2020,16,5034
2020,17,4663
2020,18,3732
2020,19,3371
2020,20,3288
2020,21,3126
2020,29,3001
2020,22,2986
2020,28,2939
2020,27,2929
2020,26,2908
2020,30,2899
2020,31,2896
2020,25,2873
2020,58,2772
2020,63,2770
2020,24,2767
2020,60,2764
2020,32,2758
2020,61,2751
2020,59,2747
2020,62,2747
2020,64,2740
2020,23,2709
2020,57,2703
2020,33,2697
2020,56,2695
2020,34,2631
2020,66,2609
2020,36,2576
2020,35,2571
2020,55,2561
2020,73,2557
2020,40,2549
2020,65,2511
2020,38,2507
2020,37,2499
2020,54,2489
2020,72,2480
2020,69,2440
2020,53,2433
2020,39,2432
2020,70,2422
2020,49,2415
2020,68,2391
2020,67,2386
2020,50,2375
2020,71,2371
2020,51,2346
2020,77,2336
2020,52,2290
2020,48,2232
2020,42,2231
2020,41,2225
2020,76,2171
2020,78,2166
2020,75,2122
2020,43,2114
2020,47,2100
2020,74,2065
2020,44,2044
2020,45,2023
2020,46,2018
2020,81,1958
2020,79,1947
2020,80,1940
2020,82,1915
2020,83,1859
2020,84,1852
2020,85,1793
2020,86,1656
2020,87,1653
2020,88,1519
2020,89,1483
2020,90,1438
2020,91,1249
2020,219,1187
2020,218,1160
2020,222,1126
2020,220,1113
2020,217,1102
2020,92,1092
2020,221,1083
2020,216,1056
2020,214,1027
2020,210,1018
2020,213,1015
2020,215,1015
2020,223,973
2020,212,961
2020,208,924
2020,211,921
2020,209,915
2020,93,892
2020,207,867
2020,94,795
2020,206,708
2020,95,643
2020,201,636
2020,205,598
2020,96,516
2020,204,470
2020,202,453
2020,203,425
2020,97,340
2020,98,277
2020,99,175
2020,100,125
2020,101,75
2020,102,45
2020,103,32
2020,0,28
2020,104,21
2020,105,9
2020,106,7
2020,107,5
2020,113,2
2020,112,1
2020,109,1
2020,108,1
2021,2,11811
2021,3,9661
2021,4,8488
2021,14,7685
2021,5,7661
2021,13,7523
2021,12,7136
2021,15,7018
2021,6,6931
2021,11,6604
2021,16,6404
2021,7,6389
2021,8,6336
2021,9,6094
2021,10,6038
2021,17,5743
2021,18,4545
2021,19,4121
2021,20,3880
2021,21,3704
2021,22,3391
2021,30,3299
2021,23,3212
2021,31,3192
2021,24,3159
2021,32,3146
2021,29,3137
2021,28,3129
2021,25,3086
2021,27,3036
2021,26,3033
2021,60,2965
2021,62,2960
2021,65,2954
2021,74,2932
2021,59,2918
2021,34,2917
2021,35,2901
2021,33,2900
2021,58,2886
2021,63,2854
2021,57,2840
2021,36,2812
2021,61,2811
2021,73,2796
2021,68,2778
2021,64,2776
2021,67,2772
2021,66,2756
2021,71,2742
2021,56,2712
2021,37,2689
2021,38,2678
2021,72,2637
2021,69,2635
2021,40,2627
2021,39,2612
2021,41,2603
2021,70,2576
2021,50,2574
2021,55,2561
2021,54,2557
2021,51,2545
2021,53,2516
2021,52,2513
2021,78,2496
2021,42,2471
2021,77,2442
2021,75,2365
2021,43,2340
2021,79,2336
2021,76,2329
2021,49,2293
2021,44,2292
2021,80,2197
2021,48,2171
2021,47,2152
2021,46,2149
2021,82,2119
2021,81,2096
2021,45,2090
2021,83,2018
2021,84,1990
2021,85,1959
2021,86,1822
2021,87,1798
2021,88,1618
2021,89,1492
2021,90,1442
2021,91,1322
2021,92,1186
2021,219,1183
2021,221,1141
2021,218,1137
2021,217,1129
2021,216,1121
2021,222,1120
2021,220,1100
2021,214,1085
2021,215,1059
2021,223,1038
2021,213,1014
2021,93,1005
2021,210,976
2021,209,971
2021,212,956
2021,208,945
2021,207,916
2021,211,897
2021,206,846
2021,94,788
2021,205,678
2021,201,641
2021,95,633
2021,96,540
2021,202,484
2021,204,483
2021,203,445
2021,97,416
2021,98,282
2021,99,191
2021,100,116
2021,101,80
2021,102,52
2021,0,29
2021,103,28
2021,104,10
2021,105,9
2021,106,9
2021,108,2
2021,107,2
2021,112,1
2022,2,10926
2022,3,9196
2022,14,8156
2022,13,7930
2022,4,7695
2022,15,7460
2022,12,7281
2022,5,6991
2022,6,6744
2022,11,6644
2022,16,6618
2022,10,6334
2022,7,6271
2022,8,6104
2022,9,5949
2022,17,5825
2022,18,4179
2022,19,3813
2022,20,3551
2022,21,3417
2022,22,3185
2022,23,2940
2022,25,2858
2022,24,2852
2022,32,2849
2022,29,2833
2022,31,2822
2022,30,2808
2022,26,2799
2022,60,2780
2022,63,2767
2022,64,2756
2022,28,2744
2022,75,2737
2022,65,2722
2022,33,2718
2022,61,2714
2022,66,2708
2022,27,2673
2022,67,2651
2022,70,2648
2022,58,2641
2022,62,2636
2022,34,2604
2022,59,2604
2022,71,2601
2022,35,2574
2022,57,2563
2022,68,2553
2022,74,2533
2022,69,2520
2022,72,2512
2022,73,2498
2022,56,2471
2022,36,2436
2022,37,2412
2022,41,2395
2022,79,2394
2022,39,2387
2022,38,2377
2022,55,2360
2022,52,2358
2022,42,2355
2022,40,2348
2022,53,2318
2022,51,2299
2022,77,2261
2022,43,2252
2022,78,2244
2022,76,2229
2022,80,2216
2022,54,2204
2022,44,2120
2022,50,2086
2022,83,2058
2022,45,2057
2022,49,2046
2022,81,2008
2022,46,1992
2022,47,1982
2022,82,1974
2022,84,1951
2022,48,1919
2022,85,1918
2022,86,1810
2022,87,1666
2022,88,1594
2022,89,1428
2022,90,1362
2022,91,1231
2022,92,1082
2022,218,1079
2022,216,1064
2022,215,1063
2022,221,1054
2022,220,1027
2022,219,1017
2022,217,1003
2022,223,994
2022,222,993
2022,214,975
2022,207,965
2022,208,957
2022,209,940
2022,212,934
2022,211,925
2022,93,919
2022,210,898
2022,213,883
2022,206,801
2022,94,796
2022,95,658
2022,201,654
2022,205,582
2022,96,490
2022,202,486
2022,204,464
2022,203,418
2022,97,341
2022,98,308
2022,99,213
2022,100,136
2022,101,68
2022,102,52
2022,0,33
2022,103,27
2022,104,13
2022,106,11
2022,105,9
2022,107,2
2022,108,2
2022,109,1
2022,112,1
2023,2,10549
2023,3,9031
2023,13,7749
2023,4,7644
2023,14,7636
2023,15,7595
2023,16,7134
2023,12,7092
2023,5,6961
2023,11,6843
2023,6,6502
2023,10,6434
2023,9,6215
2023,17,6139
2023,7,6048
2023,8,6043
2023,18,4470
2023,19,3919
2023,20,3814
2023,21,3557
2023,22,3404
2023,23,3204
2023,24,3171
2023,33,3154
2023,31,3124
2023,30,3117
2023,76,3081
2023,32,3068
2023,25,3036
2023,62,3027
2023,29,3017
2023,34,3013
2023,26,3013
2023,68,2988
2023,66,2986
2023,28,2957
2023,35,2947
2023,67,2941
2023,70,2929
2023,65,2923
2023,27,2922
2023,60,2897
2023,61,2884
2023,64,2875
2023,75,2868
2023,71,2857
2023,59,2856
2023,69,2816
2023,74,2806
2023,63,2798
2023,58,2769
2023,36,2763
2023,72,2760
2023,37,2736
2023,38,2706
2023,73,2705
2023,80,2687
2023,57,2648
2023,40,2630
2023,43,2582
2023,39,2573
2023,41,2570
2023,53,2552
2023,42,2545
2023,52,2544
2023,79,2491
2023,54,2466
2023,81,2440
2023,56,2435
2023,55,2392
2023,78,2376
2023,77,2374
2023,44,2365
2023,45,2342
2023,51,2277
2023,82,2219
2023,50,2206
2023,46,2191
2023,49,2179
2023,48,2162
2023,83,2143
2023,47,2125
2023,84,2088
2023,85,2068
2023,86,1886
2023,87,1784
2023,88,1652
2023,89,1515
2023,90,1386
2023,91,1215
2023,92,1146
2023,218,1083
2023,221,1057
2023,220,1036
2023,219,1011
2023,222,993
2023,93,955
2023,217,936
2023,223,932
2023,209,919
2023,208,918
2023,214,915
2023,216,910
2023,207,909
2023,211,902
2023,212,901
2023,215,900
2023,213,894
2023,210,859
2023,94,831
2023,206,722
2023,95,636
2023,205,620
2023,201,586
2023,96,515
2023,202,474
2023,204,454
2023,97,395
2023,203,390
2023,98,279
2023,99,220
2023,100,134
2023,101,90
2023,102,54
2023,103,30
2023,0,23
2023,104,16
2023,109,4
2023,105,4
2023,106,2
2023,107,1
2023,108,1
2023,110,1
2024,2,12087
2024,3,9883
2024,14,8565
2024,13,8544
2024,4,8441
2024,15,8267
2024,12,8123
2024,11,7798
2024,16,7596
2024,5,7561
2024,10,7168
2024,6,7125
2024,7,6844
2024,17,6709
2024,9,6708
2024,8,6598
2024,18,4685
2024,19,4028
2024,20,3798
2024,21,3390
2024,77,3344
2024,22,3294
2024,67,3183
2024,33,3181
2024,23,3180
2024,76,3169
2024,24,3157
2024,66,3155
2024,71,3121
2024,62,3106
2024,31,3105
2024,65,3105
2024,69,3104
2024,61,3086
2024,72,3084
2024,63,3078
2024,32,3076
2024,68,3066
2024,27,3064
2024,70,3059
2024,64,3058
2024,25,3044
2024,75,3038
2024,60,3033
2024,74,3022
2024,29,3005
2024,34,2987
2024,73,2980
2024,35,2971
2024,26,2938
2024,30,2909
2024,28,2867
2024,36,2833
2024,81,2825
2024,38,2822
2024,59,2792
2024,37,2792
2024,80,2784
2024,41,2705
2024,58,2679
2024,57,2647
2024,79,2641
2024,42,2637
2024,78,2629
2024,39,2627
2024,55,2615
2024,82,2615
2024,44,2596
2024,54,2553
2024,56,2551
2024,40,2548
2024,53,2546
2024,83,2546
2024,43,2486
2024,45,2399
2024,46,2336
2024,52,2326
2024,84,2324
2024,47,2272
2024,85,2223
2024,48,2222
2024,51,2204
2024,50,2186
2024,49,2178
2024,86,2104
2024,87,1894
2024,88,1844
2024,89,1668
2024,90,1489
2024,91,1315
2024,92,1235
2024,219,1167
2024,223,1153
2024,218,1126
2024,220,1109
2024,214,1108
2024,217,1095
2024,222,1095
2024,216,1075
2024,215,1064
2024,221,1056
2024,208,1025
2024,209,1024
2024,93,1020
2024,210,1020
2024,213,1014
2024,207,1000
2024,212,993
2024,211,992
2024,206,924
2024,94,884
2024,95,758
2024,205,736
2024,201,695
2024,96,565
2024,204,512
2024,202,510
2024,203,459
2024,97,424
2024,98,270
2024,99,209
2024,100,167
2024,101,92
2024,102,57
2024,0,29
2024,103,27
2024,104,22
2024,105,10
2024,106,7
2024,107,3
2024,110,1
2025,2,13014
2025,3,11168
2025,13,9318
2025,4,9117
2025,14,9066
2025,12,8927
2025,15,8540
2025,5,8493
2025,11,8214
2025,16,7928
2025,6,7802
2025,10,7745
2025,9,7444
2025,17,7413
2025,7,7281
2025,8,7085
2025,18,5073
2025,78,4385
2025,19,4314
2025,77,4018
2025,20,3971
2025,70,3938
2025,76,3932
2025,73,3898
2025,75,3874
2025,69,3838
2025,71,3836
2025,74,3811
2025,65,3811
2025,66,3797
2025,68,3774
2025,67,3756
2025,72,3717
2025,21,3704
2025,61,3696
2025,82,3664
2025,64,3657
2025,62,3611
2025,63,3567
2025,80,3477
2025,81,3459
2025,35,3425
2025,22,3411
2025,23,3403
2025,79,3384
2025,83,3379
2025,24,3360
2025,25,3358
2025,32,3346
2025,60,3328
2025,34,3308
2025,33,3307
2025,36,3272
2025,59,3263
2025,31,3237
2025,26,3193
2025,27,3160
2025,28,3150
2025,30,3139
2025,58,3072
2025,37,3070
2025,55,3020
2025,56,2998
2025,84,2989
2025,29,2974
2025,38,2968
2025,85,2945
2025,39,2934
2025,40,2920
2025,57,2908
2025,54,2906
2025,42,2898
2025,41,2893
2025,43,2889
2025,53,2859
2025,86,2785
2025,44,2778
2025,45,2721
2025,46,2697
2025,47,2695
2025,87,2628
2025,52,2574
2025,48,2533
2025,50,2492
2025,51,2490
2025,49,2446
2025,88,2274
2025,89,2149
2025,90,1977
2025,91,1683
2025,92,1421
2025,219,1269
2025,222,1254
2025,218,1246
2025,93,1236
2025,208,1233
2025,220,1222
2025,209,1202
2025,221,1195
2025,207,1181
2025,223,1168
2025,210,1158
2025,215,1152
2025,217,1152
2025,216,1129
2025,214,1125
2025,212,1109
2025,94,1091
2025,213,1059
2025,211,1052
2025,206,1003
2025,95,900
2025,205,852
2025,201,833
2025,96,754
2025,202,625
2025,204,602
2025,97,522
2025,203,518
2025,98,430
2025,99,277
2025,100,200
2025,101,117
2025,102,68
2025,0,45
2025,103,36
2025,104,19
2025,105,13
2025,106,5
2025,107,5
2025,109,2
